id,originX,originY,destX,destY,lambda,Pw,Lw,ew
0,86,22,93,64,0.2,0.978527,48.8977,41.773
1,44,85,66,74,0.2,0.816813,32.4682,21.9145
2,172,0,64,106,0.2,0.999989,206.115,169.233
3,82,168,61,87,0.2,0.92052,100.702,76.8818
4,148,178,104,62,0.2,0.997838,156.611,123.992
5,109,126,107,119,0.2,0.834535,9.1665,7.01378
6,0,170,65,87,0.2,0.989797,143.491,125.145
7,108,18,102,98,0.2,0.999842,84.6797,78.1766
8,156,129,66,92,0.2,0.999945,123.746,88.4308
9,153,58,72,67,0.2,0.963828,88.0397,75.7931
10,121,76,116,103,0.2,0.907611,32.078,23.6445
11,168,54,100,108,0.2,0.999772,118.656,92.5057
12,6,27,60,117,0.2,0.998638,140.45,130.295
13,10,107,108,94,0.2,0.995961,108.823,91.7975
14,54,34,78,118,0.2,0.997149,106.443,90.6233
15,26,139,70,116,0.2,0.999434,65.7938,62.192
16,3,161,65,66,0.2,0.95977,154.216,121.49
17,58,14,97,110,0.2,0.999812,133.42,107.045
18,84,28,63,71,0.2,0.989425,63.0456,51.6456
19,23,116,91,110,0.2,0.987473,72.3573,65.4185
20,101,177,94,76,0.2,0.991264,104.772,95.2652
21,29,172,68,90,0.2,0.999027,118.834,107.976
22,79,22,83,80,0.2,0.954919,61.6894,52.6863
23,67,128,60,68,0.2,0.814299,66.1293,44.3199
24,92,43,114,114,0.2,0.999278,91.8251,71.455
25,112,66,76,75,0.2,0.686438,44.0587,27.4632
26,167,26,83,100,0.2,0.999848,153.767,127.271
27,149,150,108,78,0.2,0.994617,110.743,90.1137
28,133,8,97,72,0.2,0.997115,98.0761,91.9762
29,149,12,92,66,0.2,0.999948,108.169,98.0372
30,110,166,79,72,0.2,0.999381,122.909,101.708
31,6,100,119,62,0.2,0.998065,146.393,103.535
32,108,102,99,113,0.2,0.785401,20.1718,13.5567
33,88,123,112,67,0.2,0.992815,79.0257,50.9497
34,90,27,64,69,0.2,0.998035,66.8259,57.7968
35,118,22,95,97,0.2,0.977211,95.982,83.6191
36,84,95,60,94,0.2,0.675482,24.6321,14.3526
37,143,3,84,114,0.2,0.999898,166.028,137.956
38,103,17,83,81,0.2,0.961135,82.9702,66.7692
39,63,111,92,114,0.2,0.983051,31.9789,25.8961
40,37,125,105,74,0.2,0.999837,116.569,94.7899
41,174,179,104,72,0.2,0.999951,171.856,141.27
42,162,102,114,79,0.2,0.999734,69.1628,62.7736
43,113,45,74,120,0.2,0.997601,112.403,73.6268
44,150,73,106,117,0.2,0.966583,85.3943,61.4156
45,80,161,66,71,0.2,0.959091,102.599,73.9965
46,46,32,70,112,0.2,0.999792,101.85,95.3228
47,160,149,82,93,0.2,0.999818,130.535,96.9736
48,38,26,89,117,0.2,0.999987,139.81,127.509
49,148,18,110,100,0.2,0.99987,116.696,104.625
50,118,100,120,83,0.2,0.770699,19.0916,13.6987
51,2,123,85,85,0.2,0.999791,118.153,102.255
52,24,27,94,66,0.2,0.999778,106.667,100.474
53,88,84,114,86,0.2,0.965965,27.8286,20.1279
54,52,124,81,93,0.2,0.948232,59.0609,51.1386
55,43,18,92,107,0.2,0.999997,135.896,119.945
56,21,106,60,83,0.2,0.940689,60.1734,50.227
57,152,138,68,109,0.2,0.995908,110.856,93.9794
58,85,141,104,75,0.2,0.943079,83.1162,56.8869
59,172,62,72,83,0.2,0.994014,117.622,92.2359
60,137,35,69,114,0.2,1,143.238,122.959
61,39,7,68,71,0.2,0.999892,91.0762,86.2943
62,50,88,82,118,0.2,0.926905,61.2051,47.8452
63,19,97,63,120,0.2,0.951342,65.9661,55.6027
64,123,45,86,115,0.2,0.999423,104.981,67.0461
65,114,163,118,109,0.2,0.988315,56.633,49.8423
66,102,69,79,95,0.2,0.985992,48.4542,37.7191
67,107,38,68,102,0.2,0.999927,101.084,79.211
68,149,173,73,116,0.2,0.989378,131.033,104.385
69,106,1,112,85,0.2,0.9999,87.9283,81.5055
70,17,0,100,73,0.2,1,152.278,144.399
71,70,161,113,60,0.2,0.999947,141.285,102.408
72,69,109,80,66,0.2,0.916127,53.9667,40.3471
73,128,170,83,68,0.2,0.999657,144.02,99.9749
74,174,62,94,96,0.2,0.999371,111.926,89.3939
75,73,112,105,73,0.2,0.881096,70.2991,42.4836
76,139,166,86,84,0.2,0.999972,132.773,100.038
77,117,57,97,76,0.2,0.784387,38.5416,26.6568
78,98,138,66,80,0.2,0.991543,89.2585,61.0108
79,76,61,93,77,0.2,0.874709,33.1806,22.2384
80,108,48,64,103,0.2,0.993345,97.3063,74.4006
81,156,102,106,64,0.2,0.998165,85.953,64.406
82,105,29,98,80,0.2,0.992312,57.5104,53.0153
83,4,147,87,93,0.2,0.990362,132.285,113.256
84,35,178,79,81,0.2,0.99278,136.978,113.917
85,133,102,115,97,0.2,0.962051,23.0028,19.0186
86,21,110,88,104,0.2,0.997357,71.4214,63.1357
87,170,16,63,72,0.2,0.999398,158.589,130.842
88,34,46,114,120,0.2,1,151.343,118.667
89,105,16,99,78,0.2,0.996394,67.201,61.9816
90,132,4,113,114,0.2,0.999807,125.807,112.685
91,126,3,94,101,0.2,0.99868,127.102,110.377
92,127,40,65,85,0.2,0.996935,104.929,80.5434
93,167,130,106,60,0.2,0.993961,128.716,90.6827
94,108,170,95,106,0.2,0.999323,76.0228,67.4152
95,7,129,103,101,0.2,0.995325,120.875,94.2729
96,126,173,96,73,0.2,0.997318,128.636,101.646
97,135,74,115,66,0.2,0.696377,27.3736,18.2408
98,40,36,101,108,0.2,0.999999,130.928,98.6239
99,121,12,89,111,0.2,0.998796,128.476,101.609
100,17,31,62,105,0.2,0.990822,116.395,105.641
101,14,155,65,115,0.2,0.998402,88.5346,83.1828
102,0,9,100,84,0.2,1,171.926,160.296
103,133,153,89,96,0.2,0.999827,99.1445,80.4294
104,119,4,113,92,0.2,0.999805,91.5359,86.9334
105,8,158,93,96,0.2,0.999986,143.871,118.16
106,160,11,84,79,0.2,0.999848,139.635,127.044
107,122,140,93,103,0.2,0.999706,64.8431,56.4509
108,91,19,99,109,0.2,0.998856,96.7453,84.7853
109,173,4,78,119,0.2,1,204.382,153.356
110,13,37,116,70,0.2,0.99998,133.569,115.735
111,136,158,67,101,0.2,0.997908,123.073,95.8041
112,24,76,69,110,0.2,0.999953,77.2028,62.8071
113,174,29,89,109,0.2,0.999966,161.93,131.356
114,143,136,60,91,0.2,0.949804,124.471,94.1279
115,91,168,64,86,0.2,0.96684,106.813,85.4566
116,74,12,76,94,0.2,0.975696,83.4013,73.5038
117,59,1,63,82,0.2,0.99339,83.4808,76.6827
118,4,150,119,118,0.2,0.995607,143.37,116.893
119,29,125,112,92,0.2,0.999903,113.47,88.1045
120,101,91,69,115,0.2,0.912159,55.533,28.8045
121,116,139,72,61,0.2,0.999264,119.141,73.6516
122,73,54,114,94,0.2,0.999561,79.821,65.7784
123,117,48,93,120,0.2,0.996477,94.6456,59.7484
124,34,20,83,73,0.2,0.999185,99.9928,92.196
125,41,70,117,117,0.2,1,121.221,93.3537
126,140,125,68,68,0.2,0.999999,124.694,81.3027
127,114,130,90,73,0.2,0.998974,80.2789,61.144
128,101,159,108,104,0.2,0.985255,61.9666,50.938
129,128,116,83,120,0.2,0.877827,48.2514,35.2912
130,168,46,78,111,0.2,0.999999,149.494,120.444
131,74,153,99,74,0.2,0.999427,102.692,74.6819
132,170,105,103,62,0.2,0.996419,107.055,89.9483
133,123,112,95,94,0.2,0.936763,45.1462,37.3626
134,74,43,73,75,0.2,0.9899,32.786,30.0659
135,153,154,117,110,0.2,0.999981,79.2407,65.1493
136,178,67,62,93,0.2,0.989459,137.775,99.0828
137,54,9,74,112,0.2,0.999873,120.854,104.232
138,40,12,74,118,0.2,0.999945,136.961,119.331
139,45,79,92,106,0.2,0.992424,73.597,56.9697
140,142,71,90,73,0.2,0.994394,52.828,41.2787
141,158,108,87,113,0.2,0.963421,73.9807,60.3981
142,14,115,82,64,0.2,0.974346,115.757,90.0676
143,62,144,76,114,0.2,0.824482,43.4747,30.1528
144,44,160,70,110,0.2,0.999215,74.1,65.6594
145,165,116,93,87,0.2,0.999324,100.224,88.3806
146,142,156,69,94,0.2,0.999998,133.1,81.4039
147,132,168,68,98,0.2,0.999866,132.42,86.0445
148,112,141,93,94,0.2,0.999585,65.0705,55.3998
149,81,142,97,104,0.2,0.957719,53.5162,42.4301
150,28,149,110,81,0.2,0.999146,145.661,109.084
151,95,3,99,104,0.2,0.99827,104.097,92.5497
152,11,120,120,94,0.2,0.999987,131.816,114.094
153,1,27,75,67,0.2,0.999999,112.305,104.728
154,101,75,100,64,0.2,0.814199,12.425,7.64168
155,58,81,85,78,0.2,0.914626,29.6787,22.1991
156,81,151,120,61,0.2,0.998197,126.362,82.4799
157,139,110,87,112,0.2,0.917886,52.5687,43.0402
158,46,19,92,81,0.2,0.999851,105.693,92.0467
159,2,16,107,88,0.2,1,172.219,147.228
160,106,177,82,88,0.2,0.996692,110.684,92.5798
161,40,152,66,118,0.2,0.984074,59.1346,51.2987
162,100,27,84,99,0.2,0.986923,86.8375,68.526
163,31,70,103,69,0.2,0.999149,71.6715,66.7305
164,22,79,64,77,0.2,0.997705,43.1423,39.7788
165,27,134,111,98,0.2,0.978375,117.968,82.4393
166,171,154,104,71,0.2,0.99984,146.815,88.0883
167,30,15,105,69,0.2,1,126.844,116.483
168,99,140,87,72,0.2,0.993113,79.5834,55.0868
169,1,32,119,70,0.2,0.999999,152.521,131.889
170,139,129,111,79,0.2,0.994429,76.8945,63.043
171,150,176,109,85,0.2,0.999999,129.67,99.7872
172,94,15,109,86,0.2,0.999956,84.8795,76.3089
173,105,50,82,115,0.2,0.932565,86.5278,68.2948
174,126,86,102,82,0.2,0.906777,27.6345,23.169
175,105,33,75,103,0.2,0.992102,98.6601,72.1205
176,128,91,100,96,0.2,0.976032,32.3587,23.5065
177,86,46,62,89,0.2,0.894222,65.6366,47.676
178,65,153,88,119,0.2,0.999099,56.4803,48.3617
179,46,178,104,116,0.2,0.996986,117.634,90.6783
180,110,153,81,77,0.2,0.967573,102.98,67.4451
181,64,127,76,99,0.2,0.95658,40.2507,28.2554
182,48,78,60,87,0.2,0.909772,21.0518,17.0792
183,144,143,81,117,0.2,0.999585,87.9296,68.018
184,151,69,113,114,0.2,0.887905,81.3311,57.001
185,163,29,77,82,0.2,0.999861,136.523,112.118
186,3,32,60,91,0.2,0.997033,113.524,104.301
187,36,14,95,65,0.2,0.999994,108.264,103.894
188,171,146,79,110,0.2,0.997995,124.206,102.283
189,132,122,117,75,0.2,0.994884,61.3275,51.1205
190,54,16,99,109,0.2,0.999972,136.57,108.255
191,39,128,71,68,0.2,0.998907,90.8343,80.6623
192,42,142,104,99,0.2,0.998693,102.653,78.8026
193,10,56,103,89,0.2,0.999977,123.164,114.108
194,95,146,86,73,0.2,0.993461,81.3203,66.8189
195,134,131,72,85,0.2,0.999147,106.96,71.4945
196,171,96,111,113,0.2,0.726895,75.1113,44.5434
197,115,60,111,86,0.2,0.949091,30.1324,24.3036
198,54,118,102,114,0.2,0.950565,51.3687,41.1292
199,152,106,86,68,0.2,0.993063,101.619,78.0449
200,141,149,63,85,0.2,0.994412,140.194,83.8029
201,138,23,117,75,0.2,0.999952,71.3628,66.297
202,49,65,84,70,0.2,0.994711,40.0124,35.9102
203,70,153,77,72,0.2,0.987528,86.9645,77.4684
204,30,149,62,83,0.2,0.875251,96.3785,77.4185
205,28,99,107,108,0.2,0.99801,86.9299,76.5811
206,72,30,109,120,0.2,0.999936,124.474,86.7533
207,26,179,114,80,0.2,0.999916,181.316,153.865
208,99,53,78,113,0.2,0.983427,80.5254,58.9579
209,68,55,60,88,0.2,0.856181,40.818,25.2941
210,63,173,101,95,0.2,0.999871,114.183,91.4621
211,144,141,64,90,0.2,0.999605,128.838,91.8781
212,112,14,64,99,0.2,0.999808,130.659,99.8588
213,6,118,111,98,0.2,0.999893,121.93,108.857
214,80,153,106,94,0.2,0.969262,83.699,65.9245
215,5,93,65,116,0.2,0.986092,81.2109,73.424
216,47,91,81,60,0.2,0.739607,63.2976,40.2317
217,141,113,80,99,0.2,0.986761,74.3756,60.6374
218,162,144,72,91,0.2,0.999991,139.4,110.407
219,144,78,103,75,0.2,0.919021,43.6237,36.0083
220,169,87,80,114,0.2,0.999359,113.43,104.813
221,91,100,88,72,0.2,0.942131,31.8183,22.6734
222,125,47,91,72,0.2,0.999946,59.0589,50.1802
223,166,75,74,93,0.2,0.984048,106.751,77.88
224,66,57,111,78,0.2,0.979129,65.4022,50.5018
225,165,87,67,71,0.2,0.992494,110.768,95.3945
226,51,50,97,98,0.2,0.981086,93.1945,76.0404
227,152,59,67,99,0.2,0.999996,121.841,95.656
228,89,54,114,71,0.2,0.994332,41.7311,35.6762
229,169,47,82,75,0.2,0.999994,111.308,104.038
230,85,163,99,84,0.2,0.998823,91.1788,81.3958
231,41,104,104,118,0.2,0.980959,75.6077,69.7954
232,48,67,72,93,0.2,0.985478,49.8217,43.3654
233,139,51,60,98,0.2,0.999252,121.99,90.0493
234,102,170,101,93,0.2,0.998772,77.2675,69.6246
235,157,46,101,87,0.2,0.999992,95.0793,86.4787
236,28,119,111,77,0.2,0.997774,123.13,101.284
237,21,83,105,72,0.2,0.996482,92.5998,62.8897
238,33,3,98,68,0.2,0.999997,127.998,124.37
239,104,42,82,60,0.2,0.81548,39.2577,29.0452
240,84,4,86,75,0.2,0.998599,72.246,67.9111
241,150,76,111,88,0.2,0.986155,49.6297,44.3994
242,4,129,82,112,0.2,0.999945,93.6143,80.0292
243,112,86,77,61,0.2,0.938669,59.9444,31.9222
244,125,155,65,108,0.2,0.999258,105.804,74.6951
245,154,178,99,89,0.2,1,141.193,118.46
246,28,153,62,82,0.2,0.885779,103.633,87.7316
247,55,127,72,100,0.2,0.998985,43.7084,41.1361
248,128,60,106,95,0.2,0.981017,55.445,46.8796
249,114,9,63,62,0.2,0.988992,101.154,86.2894
250,117,103,63,68,0.2,0.999811,87.134,44.3035
251,119,33,76,101,0.2,0.988898,107.915,81.9395
252,175,1,72,90,0.2,1,187.706,172.129
253,101,154,67,88,0.2,0.998188,98.1717,76.8908
254,26,150,66,95,0.2,0.991343,93.3029,86.995
255,49,103,110,96,0.2,0.861879,67.3725,44.2516
256,49,44,93,66,0.2,0.994327,65.0606,55.4642
257,11,11,82,63,0.2,0.999666,120.093,114.601
258,145,103,66,112,0.2,0.895816,86.1626,54.4405
259,136,107,119,65,0.2,0.811032,58.1854,38.9816
260,3,72,117,95,0.2,0.999992,133.602,117.642
261,118,115,107,73,0.2,0.89838,52.1385,40.5216
262,9,96,92,71,0.2,0.990647,105.178,81.4311
263,4,20,120,75,0.2,0.999999,166.612,153.641
264,35,65,60,63,0.2,0.98942,26.6613,23.3166
265,9,100,66,99,0.2,0.994631,55.8956,53.1142
266,38,16,105,116,0.2,1,163.393,128.053
267,107,140,95,100,0.2,0.976112,51.7231,41.1005
268,175,129,115,100,0.2,0.999994,87.0117,75.9953
269,78,4,62,109,0.2,0.95689,118.643,84.9657
270,14,107,70,73,0.2,0.990426,87.4829,71.6929
271,14,54,108,76,0.2,0.999995,113.538,103.262
272,2,28,76,82,0.2,0.999999,126.481,119.393
273,150,118,95,79,0.2,0.996736,92.9238,73.8962
274,73,49,118,81,0.2,0.999287,75.9265,58.9057
275,46,107,100,112,0.2,0.983908,58.3827,49.3964
276,44,124,101,85,0.2,0.99978,94.129,73.2551
277,114,109,107,63,0.2,0.867494,53.7434,33.0314
278,77,160,106,66,0.2,0.98458,121.208,103.151
279,91,67,100,110,0.2,0.997001,52.0938,38.4688
280,115,8,72,63,0.2,0.999618,95.9545,85.5846
281,109,100,67,62,0.2,0.999864,78.5942,39.7761
282,71,110,104,61,0.2,0.936162,80.1744,48.5199
283,119,130,90,76,0.2,0.999234,81.8661,56.8239
284,47,1,61,68,0.2,0.999074,79.4847,76.4127
285,65,131,71,75,0.2,0.997047,61.2416,43.598
286,70,70,61,100,0.2,0.861824,38.789,22.1262
287,7,150,74,72,0.2,0.999604,141.157,123.524
288,145,123,103,95,0.2,0.99887,68.9019,62.4521
289,78,102,77,102,0.2,0.961534,0.983845,0.937198
290,97,96,65,70,0.2,0.950878,57.1134,33.6898
291,109,130,89,108,0.2,0.98702,41.8041,34.3959
292,6,58,92,76,0.2,0.999994,101.53,98.2796
293,23,144,63,98,0.2,0.993809,83.9901,73.876
294,103,38,79,90,0.2,0.997333,74.3789,64.0384
295,162,41,70,110,0.2,0.999998,156.609,130.649
296,162,133,116,93,0.2,0.999955,84.3266,74.1054
297,30,173,97,62,0.2,0.988671,171.918,134.577
298,102,35,78,114,0.2,0.997413,100.91,80.3121
299,80,72,101,112,0.2,0.99999,60.8612,35.9431
300,173,57,99,91,0.2,0.998811,105.119,91.2391
301,154,174,89,91,0.2,0.999993,145.02,116.328
302,142,121,99,87,0.2,0.999791,74.6994,64.3974
303,12,107,117,108,0.2,0.999237,104.524,100.419
304,166,113,93,97,0.2,0.999007,86.1785,77.9162
305,118,52,65,100,0.2,0.99732,97.8306,68.8627
306,146,81,98,97,0.2,0.897678,64.5303,42.2651
307,113,166,120,76,0.2,0.998219,94.7731,75.5822
308,81,31,117,110,0.2,0.999899,113.505,84.899
309,69,83,76,102,0.2,0.897662,27.1371,16.8143
310,126,125,74,88,0.2,0.99897,87.7455,66.754
311,20,42,75,65,0.2,0.999291,76.7806,69.4838
312,30,161,71,100,0.2,0.999967,99.48,87.7603
313,178,34,109,111,0.2,0.999773,140.923,124.693
314,107,25,102,115,0.2,0.999742,93.0147,84.1503
315,66,81,105,86,0.2,0.99351,43.7888,35.3694
316,75,103,64,99,0.2,0.715784,15.5424,8.45905
317,177,82,91,83,0.2,0.988025,85.2995,73.3075
318,110,162,118,108,0.2,0.987029,61.7415,51.5733
319,68,14,100,68,0.2,0.999904,84.3525,78.8833
320,168,135,64,77,0.2,0.999947,158.05,107.017
321,4,9,100,73,0.2,1,154.311,149.724
322,46,50,104,109,0.2,0.999873,115.394,91.1552
323,7,173,106,117,0.2,0.999929,149.725,132.465
324,94,81,89,84,0.2,0.858862,8.6793,5.17576
325,63,69,105,90,0.2,0.99647,62.8802,37.9191
326,147,14,77,66,0.2,0.999973,119.234,106.806
327,176,13,80,64,0.2,0.999971,142.997,123.175
328,129,149,67,66,0.2,0.997746,142.93,93.0284
329,178,31,77,110,0.2,0.999995,177.222,150.374
330,35,103,80,82,0.2,0.940273,64.7995,48.0208
331,54,113,115,81,0.2,0.996985,91.31,62.9361
332,90,9,63,92,0.2,0.996756,108.108,86.4802
333,21,152,74,64,0.2,0.987536,138.147,114.591
334,45,90,99,79,0.2,0.849311,63.6289,50.0488
335,134,161,66,89,0.2,0.999374,138.207,82.4692
336,172,175,70,117,0.2,0.999999,157.386,110.198
337,161,96,110,85,0.2,0.988502,60.3076,50.1171
338,2,82,91,92,0.2,0.995878,96.4774,87.7127
339,38,54,115,117,0.2,0.999999,135.867,105.67
340,77,10,78,75,0.2,0.999705,65.0407,62.4558
341,38,62,103,114,0.2,0.999853,114.922,84.2682
342,47,16,78,68,0.2,0.999869,81.8804,77.245
343,50,51,110,65,0.2,0.999034,73.1501,61.1979
344,66,64,109,76,0.2,0.836711,54.5789,34.8701
345,122,175,102,61,0.2,0.982806,132.27,96.8164
346,165,59,77,86,0.2,0.999667,112.051,105.792
347,13,82,70,74,0.2,0.973356,63.7347,53.8398
348,117,48,91,63,0.2,0.994739,40.3143,36.8368
349,168,173,86,80,0.2,0.999998,170.534,119.044
350,148,62,83,91,0.2,0.970292,92.7004,63.2428
351,53,30,100,83,0.2,1,98.5914,88.8609
352,123,157,89,118,0.2,0.998596,72.1682,61.5624
353,161,80,97,80,0.2,0.940116,62.7592,53.3015
354,19,82,80,98,0.2,0.944357,75.6966,64.8982
355,92,12,71,109,0.2,0.999897,117.085,91.5625
356,14,11,62,74,0.2,0.999133,108.424,103.005
357,111,24,76,105,0.2,0.98555,112.904,86.8279
358,15,4,98,96,0.2,1,170.7,151.148
359,90,132,92,64,0.2,0.970762,69.602,54.7133
360,110,56,110,91,0.2,0.970964,34.8601,30.6556
361,102,99,68,82,0.2,0.986247,51.0205,35.4667
362,15,36,82,68,0.2,0.999009,96.9272,88.8743
363,9,97,61,92,0.2,0.994453,55.6822,51.9285
364,70,5,93,107,0.2,0.999653,122.701,112.712
365,98,100,80,96,0.2,0.862103,21.8653,17.3293
366,142,34,70,120,0.2,0.999999,154.364,129.048
367,160,86,73,71,0.2,0.988627,98.694,84.0308
368,124,128,71,117,0.2,0.990974,63.2353,44.7723
369,107,133,71,62,0.2,0.997694,105.864,71.8231
370,136,154,104,98,0.2,0.998441,86.8758,73.576
371,119,119,90,61,0.2,0.979897,85.6497,57.2067
372,95,23,98,100,0.2,0.998459,79.48,69.017
373,108,17,68,87,0.2,0.999992,107.965,91.9787
374,27,130,62,113,0.2,0.999833,49.8862,48.2953
375,170,72,108,84,0.2,0.993821,72.4607,65.8457
376,124,58,60,81,0.2,0.961421,85.5482,58.7189
377,53,63,111,88,0.2,0.998683,81.9372,63.4073
378,10,130,83,81,0.2,0.99611,119.03,88.808
379,178,178,79,116,0.2,0.999996,156.969,125.805
380,5,171,119,106,0.2,0.999843,174.64,150.105
381,155,45,105,83,0.2,0.999927,86.252,76.842
382,4,174,103,72,0.2,0.999989,196.406,162.712
383,124,86,77,91,0.2,0.765285,51.1008,34.508
384,168,173,114,98,0.2,1,125.875,104.202
385,83,74,87,74,0.2,0.834629,4.4892,3.1594
386,42,48,94,67,0.2,0.998158,69.9979,64.2825
387,5,152,93,64,0.2,0.999994,171.111,139.825
388,30,151,117,92,0.2,0.99999,142.301,108.418
389,38,129,80,71,0.2,0.998864,98.1268,79.4668
390,116,106,80,99,0.2,0.90908,42.5918,29.4383
391,48,50,70,64,0.2,0.995145,35.8797,33.1692
392,129,135,91,76,0.2,0.994995,95.7216,71.4998
393,30,106,118,120,0.2,0.998891,100.179,82.7139
394,21,119,107,106,0.2,0.998071,97.1123,90.1575
395,164,60,63,107,0.2,0.999996,141.615,108.329
396,98,117,73,61,0.2,0.926282,79.5994,40.0664
397,4,54,112,78,0.2,1,128.515,121.15
398,123,73,113,84,0.2,0.85002,20.6619,16.7717
399,31,50,81,85,0.2,0.99998,83.2737,78.184
400,162,32,62,109,0.2,0.999983,169.935,145.168
401,15,159,93,71,0.2,0.999906,162.041,131.384
402,24,60,116,76,0.2,0.999706,106.872,87.0768
403,45,139,61,80,0.2,0.777511,73.3073,53.578
404,151,164,91,108,0.2,0.999691,114.422,103.901
405,40,51,86,106,0.2,0.998867,100.422,87.1033
406,2,64,120,89,0.2,0.999997,139.3,114.712
407,145,116,113,87,0.2,0.997315,60.3026,54.0122
408,165,97,93,95,0.2,0.996796,72.7087,60.949
409,125,88,67,66,0.2,0.898621,78.4883,48.9896
410,124,122,76,104,0.2,0.988107,65.0532,55.977
411,110,84,114,115,0.2,0.971692,34.8206,23.2283
412,56,94,95,78,0.2,0.760125,54.4674,37.832
413,28,57,109,75,0.2,0.998855,97.1876,82.4103
414,1,10,94,104,0.2,1,182.92,165.32
415,25,170,103,105,0.2,0.999866,139.576,118.468
416,93,122,85,78,0.2,0.955495,51.7167,37.9046
417,7,173,90,119,0.2,0.999986,130.574,125.872
418,19,52,95,106,0.2,0.999983,128.133,107.673
419,116,28,119,81,0.2,0.996924,55.3759,50.8881
420,132,100,98,92,0.2,0.99168,41.2254,31.1292
421,144,52,97,94,0.2,0.998813,86.8812,73.0297
422,4,88,63,97,0.2,0.995365,66.4206,58.5964
423,82,140,108,115,0.2,0.993271,50.1078,41.7916
424,90,72,96,113,0.2,0.889688,46.9869,33.5706
425,179,89,94,111,0.2,0.997674,105.348,96.5851
426,106,48,62,117,0.2,0.995667,110.335,81.5301
427,44,128,116,107,0.2,0.998705,91.2234,61.3508
428,36,3,115,86,0.2,1,157.899,131.91
429,149,137,117,81,0.2,0.999066,87.0137,62.9051
430,29,139,90,75,0.2,0.999892,122.319,89.8863
431,132,69,94,85,0.2,0.988969,52.8483,41.4764
432,59,32,87,69,0.2,0.998948,63.7327,59.6051
433,20,177,91,109,0.2,0.998516,135.354,122.128
434,162,155,90,94,0.2,1,131.279,91.0269
435,39,124,93,64,0.2,0.999807,111.106,88.0289
436,25,64,81,79,0.2,0.999181,69.8827,60.0578
437,63,36,68,70,0.2,0.998283,38.618,35.0655
438,114,40,102,92,0.2,0.998839,63.3373,55.4098
439,11,175,91,81,0.2,0.99989,170.741,150.73
440,164,87,85,67,0.2,0.989682,96.8657,72.5782
441,145,132,70,72,0.2,0.999998,133.018,97.0187
442,49,162,73,120,0.2,0.95853,65.098,52.4895
443,141,84,76,79,0.2,0.91453,68.9121,53.8851
444,47,168,83,71,0.2,0.996798,129.798,96.6656
445,31,95,106,93,0.2,0.978326,75.6363,65.9091
446,114,112,66,60,0.2,0.975514,97.545,44.26
447,12,136,79,72,0.2,0.991882,128.518,97.9021
448,30,49,81,82,0.2,0.99997,82.8222,78.935
449,144,176,78,93,0.2,0.999979,146.405,108.523
450,106,36,93,112,0.2,0.991175,87.9691,78.0358
451,163,160,67,97,0.2,0.999925,156.453,113.484
452,78,10,79,78,0.2,0.999871,68.2446,64.1742
453,88,174,65,120,0.2,0.991506,75.5341,63.0212
454,52,137,86,117,0.2,0.947307,53.6773,41.1638
455,62,28,113,62,0.2,0.999244,83.5868,70.3847
456,110,158,99,62,0.2,0.970749,105.258,73.5578
457,139,172,95,69,0.2,0.999469,144.206,110.8
458,17,21,91,76,0.2,0.999986,125.944,117.443
459,22,98,93,81,0.2,0.973427,86.862,66.1342
460,146,156,83,63,0.2,0.999978,153.602,88.2832
461,172,152,108,96,0.2,0.999956,117.221,99.9624
462,12,113,64,64,0.2,0.818801,102.244,71.0394
463,14,94,83,93,0.2,0.999472,69.0498,64.0579
464,142,90,113,94,0.2,0.951863,32.649,26.618
465,75,31,81,94,0.2,0.987389,68.0875,62.439
466,11,47,93,61,0.2,0.999985,93.977,90.2009
467,65,32,104,114,0.2,0.999949,119.486,81.508
468,142,137,73,101,0.2,0.999128,103.917,88.2703
469,137,36,92,98,0.2,0.999865,104.53,97.5693
470,101,107,107,74,0.2,0.716043,38.6406,24.6465
471,116,121,65,79,0.2,0.986311,92.0966,54.7048
472,67,114,106,119,0.2,0.894392,43.8827,31.7615
473,81,123,73,98,0.2,0.992865,32.6978,25.8992
474,75,98,67,82,0.2,0.830027,25.4147,15.1033
475,101,68,94,65,0.2,0.803045,10.5861,5.92743
476,56,166,80,106,0.2,0.998801,80.8174,74.0657
477,79,17,109,120,0.2,0.999907,131.449,105.376
478,163,172,107,61,0.2,0.99197,164.019,116.183
479,163,1,73,97,0.2,0.999988,182.71,152.429
480,71,53,119,79,0.2,0.998644,73.03,61.7758
481,68,139,98,87,0.2,0.993608,81.2815,60.2936
482,121,48,112,82,0.2,0.995366,42.7511,38.1597
483,175,154,73,78,0.2,1,175.073,104.059
484,91,162,114,61,0.2,0.99978,121.168,94.0964
485,58,136,67,79,0.2,0.990828,65.1974,55.699
486,27,29,90,62,0.2,0.999805,93.5734,85.9649
487,148,77,82,99,0.2,0.970341,85.1387,66.378
488,43,97,69,112,0.2,0.878685,40.4614,30.8583
489,25,117,71,67,0.2,0.972873,93.992,75.9583
490,136,1,74,64,0.2,0.998665,122.081,93.5107
491,157,136,109,105,0.2,0.995947,77.9458,62.3899
492,141,123,118,67,0.2,0.99878,78.2132,70.744
493,67,76,105,75,0.2,0.961422,39.2908,28.3286
494,6,60,93,78,0.2,0.999893,102.217,94.7797
495,52,167,85,90,0.2,0.992594,107.902,92.9449
496,45,109,117,90,0.2,0.993444,89.4438,66.4512
497,7,104,85,75,0.2,0.999025,104.862,84.3326
498,57,128,89,66,0.2,0.997291,92.3824,67.237
499,159,86,64,117,0.2,0.997006,123.778,102.094
500,13,157,95,118,0.2,0.998376,119.065,103.094
501,31,115,111,76,0.2,0.974947,116.63,82.1377
502,39,95,98,77,0.2,0.933803,75.3789,61.1646
503,100,2,113,109,0.2,0.999715,117.856,106.919
504,1,82,84,98,0.2,0.996615,96.7772,83.8329
505,52,75,64,117,0.2,0.864967,52.7741,34.5537
506,129,96,86,72,0.2,0.992955,65.9897,45.8248
507,158,162,107,63,0.2,0.982143,147.732,87.295
508,33,46,108,60,0.2,0.999902,87.0973,82.3877
509,94,163,63,76,0.2,0.975641,115.666,87.5465
510,140,146,84,105,0.2,0.994701,95.1861,75.3233
511,88,84,107,71,0.2,0.89668,31.5915,20.8639
512,24,117,113,116,0.2,0.987521,88.7543,83.4747
513,94,129,107,117,0.2,0.884216,25.5818,17.6304
514,30,155,81,84,0.2,0.992998,119.667,92.376
515,71,173,103,112,0.2,0.997192,91.2558,76.5136
516,130,118,87,110,0.2,0.777702,50.1819,32.9844
517,70,122,77,111,0.2,0.786464,17.6922,13.0795
518,47,149,110,117,0.2,0.979296,93.5517,69.1129
519,159,26,118,115,0.2,0.999163,126.957,97.3473
520,173,18,101,81,0.2,0.999996,131.569,110.319
521,101,35,68,75,0.2,0.999123,71.4777,57.6523
522,28,173,94,71,0.2,0.999412,163.543,141.068
523,153,13,71,112,0.2,1,176.263,139.718
524,129,34,83,76,0.2,0.997217,87.0485,79.9577
525,59,35,83,79,0.2,0.980166,67.2314,53.1927
526,126,26,101,102,0.2,0.999836,99.6844,82.0526
527,68,38,61,95,0.2,0.863838,63.3968,41.1646
528,128,8,88,90,0.2,0.999952,118.868,100.923
529,42,2,64,64,0.2,0.999416,83.0585,75.2153
530,161,100,61,60,0.2,0.999999,136.274,90.4662
531,149,111,74,77,0.2,0.999645,107.235,74.5933
532,71,108,60,70,0.2,0.699454,49.3575,25.5295
533,8,166,102,90,0.2,0.999996,165.297,129.602
534,39,81,75,73,0.2,0.807022,43.4604,30.0568
535,30,109,119,81,0.2,0.998566,113.498,86.2422
536,52,76,61,98,0.2,0.793247,30.1542,21.9238
537,120,142,120,71,0.2,0.964311,70.7864,53.509
538,150,48,81,66,0.2,0.999724,84.8016,76.2642
539,81,178,64,86,0.2,0.918581,106.858,76.9399
540,125,27,85,67,0.2,0.99879,78.3732,65.7609
541,147,144,104,102,0.2,0.998049,83.3069,69.8325
542,11,90,95,94,0.2,0.994792,85.9203,79.6798
543,90,165,85,63,0.2,0.953495,104.954,80.9463
544,70,56,80,105,0.2,0.977907,58.5083,46.1187
545,15,10,75,97,0.2,0.99996,142.787,131.362
546,23,74,106,78,0.2,0.999838,85.1085,78.1357
547,116,152,119,98,0.2,0.995159,56.3178,46.1092
548,79,73,112,114,0.2,0.999846,73.4155,42.4942
549,42,140,80,84,0.2,0.935657,92.189,75.4687
550,14,65,75,76,0.2,0.999276,70.2569,63.7868
551,29,92,98,111,0.2,0.998556,86.797,74.8563
552,114,59,111,95,0.2,0.947705,38.9435,29.5835
553,118,102,107,69,0.2,0.961945,44.1515,30.1452
554,149,173,116,74,0.2,0.999903,129.859,113.401
555,153,60,68,110,0.2,1,131.029,98.0143
556,40,138,119,79,0.2,0.999952,135.193,100.668
557,95,8,94,78,0.2,0.994305,69.9004,66.2834
558,0,138,71,101,0.2,0.999981,104.93,96.3019
559,35,39,100,94,0.2,0.999772,117.705,87.7255
560,84,104,82,94,0.2,0.804533,12.5908,7.7107
561,141,32,67,76,0.2,0.999961,115.263,102.619
562,25,71,100,99,0.2,1,99.6348,89.4527
563,57,110,69,111,0.2,0.968988,13.0819,10.9207
564,158,166,94,80,0.2,0.999887,146.452,120.688
565,98,30,98,68,0.2,0.980548,36.8757,35.1354
566,11,7,109,117,0.2,1,203.765,176.566
567,0,53,98,107,0.2,0.999998,148.011,140.068
568,130,25,119,69,0.2,0.999355,53.3332,51.2543
569,165,3,61,94,0.2,0.999959,191.271,152.52
570,17,89,91,61,0.2,0.898495,100.32,68.6194
571,93,61,110,64,0.2,0.773412,20.0242,11.1938
572,39,24,118,118,0.2,1,169.294,133.911
573,86,103,93,71,0.2,0.922584,38.8836,27.742
574,52,76,69,83,0.2,0.963878,24.1078,15.1015
575,170,62,71,119,0.2,0.999974,150.817,106.369
576,160,115,108,73,0.2,0.998886,91.653,80.566
577,2,143,116,64,0.2,0.999999,186.996,161.942
578,105,131,117,103,0.2,0.98984,40.4611,25.8584
579,162,118,95,105,0.2,0.995431,78.0418,68.8098
580,95,74,73,81,0.2,0.84989,28.8194,17.0892
581,158,4,105,77,0.2,0.999995,123.539,114.29
582,87,13,97,104,0.2,0.980641,99.5532,83.5392
583,77,138,80,70,0.2,0.896884,70.813,46.419
584,131,124,109,113,0.2,0.98309,32.9795,27.1204
585,61,122,112,100,0.2,0.991348,71.7769,48.1001
586,176,74,105,62,0.2,0.913301,81.0326,53.6575
587,98,46,112,119,0.2,0.996268,86.337,71.1113
588,164,34,60,91,0.2,0.999227,158.189,141.419
589,115,107,83,102,0.2,0.961675,36.6007,28.3641
590,48,163,80,69,0.2,0.997388,123.462,92.4471
591,34,7,104,99,0.2,1,158.831,135.623
592,95,154,70,83,0.2,0.999661,93.8787,77.4428
593,73,94,99,111,0.2,0.94511,42.5554,32.5332
594,149,115,88,71,0.2,0.999979,101.996,79.5714
595,4,159,119,62,0.2,1,205.04,164.816
596,172,165,109,87,0.2,0.999963,137.815,118.643
597,70,45,109,76,0.2,0.998784,69.3613,57.2215
598,169,126,113,75,0.2,0.994546,104.183,84.5751
599,78,156,82,98,0.2,0.994724,60.5125,56.8158
600,39,160,102,76,0.2,0.999833,143.309,104.569
601,85,3,109,118,0.2,0.999754,137.019,112.969
602,148,19,80,81,0.2,0.999836,126.85,111.82
603,136,43,70,110,0.2,0.999977,127.456,89.967
604,148,86,70,118,0.2,0.993647,107.504,87.5357
605,54,21,67,89,0.2,0.999619,79.5605,68.4532
606,68,170,63,104,0.2,0.985815,69.8367,53.5615
607,120,49,69,64,0.2,0.999403,65.3263,57.7037
608,2,7,116,75,0.2,1,178.012,163.192
609,156,143,82,73,0.2,0.999965,140.469,111.141
610,71,149,80,75,0.2,0.873834,82.6594,58.1992
611,147,92,63,98,0.2,0.909786,88.6062,64.7802
612,78,158,93,65,0.2,0.985998,106.021,75.4222
613,16,56,105,93,0.2,0.999869,123.486,100.924
614,104,33,60,75,0.2,0.958604,84.9024,66.1812
615,6,22,64,119,0.2,0.997496,151.889,131.7
616,110,138,77,77,0.2,0.991017,92.0838,57.27
617,13,105,97,87,0.2,0.984376,99.4449,76.0682
618,126,114,97,73,0.2,0.994605,70.3225,56.1916
619,160,43,62,85,0.2,0.999574,137.295,117.609
620,164,157,83,111,0.2,0.999999,124.736,80.9124
621,54,173,114,84,0.2,0.999999,145.641,117.685
622,93,114,116,87,0.2,0.982866,50.0701,33.0115
623,71,124,61,88,0.2,0.702039,45.7578,23.905
624,53,1,80,100,0.2,0.999992,123.22,103.125
625,174,148,70,72,0.2,0.999996,176.406,136.003
626,127,112,87,106,0.2,0.894838,45.1436,36.4293
627,10,7,113,117,0.2,1,209.705,180.088
628,152,53,60,64,0.2,0.935757,100.805,80.098
629,179,179,104,81,0.2,0.999997,169.921,140.198
630,131,100,116,114,0.2,0.950503,28.5161,20.4432
631,53,166,96,102,0.2,0.99763,105.299,88.2476
632,178,163,84,108,0.2,0.999983,145.452,119.499
633,30,29,82,120,0.2,0.999999,139.45,123.794
634,131,178,63,120,0.2,0.998969,123.548,99.1211
635,62,125,79,92,0.2,0.915703,49.8115,38.6747
636,163,22,100,70,0.2,0.999967,108.243,93.8892
637,13,16,72,105,0.2,0.999999,144.544,133.395
638,51,37,66,68,0.2,0.997327,45.917,40.5706
639,118,50,110,101,0.2,0.997719,58.4371,49.6072
640,177,138,66,100,0.2,0.999986,144.538,124.11
641,144,64,86,100,0.2,0.988205,91.8458,72.8198
642,145,111,109,112,0.2,0.998587,36.2886,34.3269
643,66,30,76,79,0.2,0.991771,58.8519,53.0653
644,137,127,94,105,0.2,0.997305,64.1278,50.3411
645,93,68,107,64,0.2,0.789353,18.3348,9.1041
646,67,114,85,88,0.2,0.961342,43.6618,34.8132
647,50,12,72,71,0.2,0.999895,79.6753,74.9073
648,98,17,64,64,0.2,0.992601,79.7355,64.227
649,35,141,99,100,0.2,0.99987,103.104,89.5752
650,79,74,78,90,0.2,0.799507,17.0989,12.4737
651,90,101,63,100,0.2,0.8331,28.155,18.1549
652,71,28,72,90,0.2,0.995475,62.6526,55.4903
653,33,102,78,93,0.2,0.9517,53.0312,44.4815
654,12,61,65,88,0.2,0.996089,78.2704,67.417
655,28,36,67,80,0.2,0.999964,81.9144,67.6523
656,141,141,99,87,0.2,0.999713,94.6527,74.6064
657,50,105,110,61,0.2,0.997225,101.171,67.0014
658,10,153,106,108,0.2,0.999956,137.169,111.118
659,67,169,102,113,0.2,0.986071,89.9676,75.1303
660,37,50,76,111,0.2,0.99977,98.879,85.5298
661,163,149,100,110,0.2,0.999622,99.279,91.8171
662,29,127,87,87,0.2,0.999904,96.1663,80.3245
663,23,63,70,63,0.2,0.998526,46.4935,43.5372
664,166,119,83,112,0.2,0.994611,88.4778,73.1431
665,124,175,72,80,0.2,0.999454,144.793,112.928
666,144,82,65,65,0.2,0.909653,96.5991,62.1908
667,30,9,84,113,0.2,0.999998,154.518,125.345
668,69,71,63,70,0.2,0.830222,7.73244,4.9148
669,14,6,113,108,0.2,1,195.989,173.427
670,149,101,119,97,0.2,0.978992,33.8461,28.5363
671,145,137,64,118,0.2,0.981559,98.7861,68.0041
672,178,20,95,93,0.2,0.997602,152.121,128.726
673,87,38,78,110,0.2,0.988437,79.9614,62.7083
674,111,53,118,87,0.2,0.96052,41.2249,35.0728
675,52,87,104,95,0.2,0.851105,59.2903,38.9962
676,13,5,84,112,0.2,0.999723,173.49,161.456
677,20,0,116,115,0.2,1,203.892,169.364
678,46,22,110,79,0.2,0.999937,118.915,95.6787
679,137,50,68,65,0.2,0.999469,82.3066,73.1659
680,12,90,103,99,0.2,0.999629,97.1891,76.0372
681,121,176,112,92,0.2,0.999594,91.1523,83.6596
682,106,64,81,106,0.2,0.970584,66.3751,38.2458
683,149,61,114,70,0.2,0.997389,43.2966,40.745
684,147,127,73,85,0.2,0.999995,114.62,75.4218
685,58,157,80,104,0.2,0.997222,73.7419,64.7834
686,110,55,117,95,0.2,0.969073,46.8682,37.187
687,157,44,84,76,0.2,0.999907,101.281,94.2443
688,11,110,107,120,0.2,0.999403,103.743,89.7574
689,124,64,87,94,0.2,0.951798,65.5128,53.2458
690,38,55,107,111,0.2,0.999541,123.396,98.096
691,3,148,96,78,0.2,0.999259,158.357,136
692,86,85,60,61,0.2,0.819679,49.2572,26.971
693,0,9,109,72,0.2,1,169.038,159.066
694,14,37,86,73,0.2,0.999945,105.226,97.6499
695,5,64,115,112,0.2,1,152.69,118.065
696,144,54,119,85,0.2,0.930427,54.6988,44.3555
697,60,156,64,90,0.2,0.881242,69.2557,50.1388
698,84,80,110,90,0.2,0.96814,36.8925,20.8667
699,176,88,90,112,0.2,0.999133,106.749,100.032
700,132,174,96,108,0.2,0.999437,100.205,95.1755
701,16,168,92,105,0.2,0.999828,136.088,119.044
702,174,122,71,105,0.2,0.999989,116.164,106.109
703,136,33,60,116,0.2,0.999995,155.979,127.535
704,62,70,84,82,0.2,0.9962,34.1076,21.7766
705,136,59,91,76,0.2,0.99561,60.8836,45.083
706,9,143,115,84,0.2,1,159.716,132.793
707,161,55,63,63,0.2,0.94711,103.423,80.9518
708,162,160,83,105,0.2,0.999804,132.219,101.312
709,62,130,93,86,0.2,0.999242,72.8512,42.9509
710,131,87,81,102,0.2,0.935746,63.759,51.339
711,86,72,111,114,0.2,0.998594,66.7136,38.5411
712,116,72,64,83,0.2,0.957892,62.4321,37.5546
713,65,151,105,103,0.2,0.993585,87.0414,60.529
714,28,145,115,120,0.2,0.980712,110.106,71.047
715,139,110,104,85,0.2,0.789766,59.189,38.5094
716,78,20,62,107,0.2,0.887249,101.258,68.7464
717,29,71,92,93,0.2,0.999983,83.4758,76.1237
718,44,167,81,101,0.2,0.999892,101.108,89.9399
719,157,176,64,67,0.2,1,200.012,124.977
720,138,121,100,99,0.2,0.99804,58.7867,51.5894
721,136,8,60,61,0.2,0.997774,126.552,103.383
722,84,162,73,114,0.2,0.984152,58.4807,52.4954
723,136,128,71,63,0.2,0.999946,126.473,83.5869
724,39,108,106,101,0.2,0.994511,72.6559,65.4586
725,66,92,79,117,0.2,0.842226,37.7816,25.8394
726,154,153,73,94,0.2,1,138.257,87.6045
727,129,125,69,79,0.2,0.999869,104.404,71.8095
728,32,54,78,72,0.2,0.999677,62.536,59.015
729,92,153,110,118,0.2,0.990848,51.7703,41.8018
730,82,144,63,88,0.2,0.830952,74.0089,49.5688
731,84,108,107,64,0.2,0.972111,66.4762,40.4231
732,160,2,114,74,0.2,0.999992,113.407,108.819
733,18,48,106,70,0.2,0.999997,108.331,101.132
734,88,127,69,98,0.2,0.991169,48.1574,32.1482
735,124,17,70,74,0.2,0.999863,108.372,92.8602
736,41,97,89,110,0.2,0.955892,60.6197,48.4478
737,147,14,112,65,0.2,0.999979,82.4973,80.0217
738,131,178,119,93,0.2,0.999509,95.7179,82.8338
739,154,61,99,103,0.2,0.999549,95.8357,78.0467
740,29,44,116,81,0.2,1,121.18,102.495
741,157,129,113,114,0.2,0.998776,58.0858,52.6901
742,37,58,75,73,0.2,0.99519,51.9621,46.8886
743,122,118,82,113,0.2,0.889416,45.2159,33.8172
744,110,150,71,117,0.2,0.993712,70.7248,49.3011
745,167,163,105,117,0.2,0.999994,106.264,86.7116
746,26,119,120,62,0.2,0.999938,145.527,105.872
747,69,119,114,115,0.2,0.751652,48.0967,31.5382
748,143,55,67,76,0.2,0.998712,94.1949,75.464
749,92,84,109,68,0.2,0.734783,32.4172,19.466
750,25,88,90,97,0.2,0.969135,72.5544,61.3129
751,106,163,62,116,0.2,0.996971,89.2222,76.2688
752,97,171,101,85,0.2,0.995946,89.4661,73.3096
753,168,121,82,120,0.2,0.990899,85.8656,73.8895
754,163,152,94,106,0.2,0.999859,111.867,101.453
755,134,153,93,109,0.2,0.999576,82.935,73.0365
756,29,52,90,87,0.2,0.999992,94.2152,83.8631
757,150,1,84,71,0.2,0.997495,133.308,119.911
758,22,85,84,102,0.2,0.969194,77.7737,64.0945
759,11,50,85,111,0.2,1,132.313,121.767
760,14,146,82,81,0.2,0.993293,128.579,110.52
761,32,2,63,80,0.2,0.999968,106.999,102.53
762,53,58,71,68,0.2,0.946707,28.521,23.0797
763,42,16,82,77,0.2,0.999986,99.3973,94.2862
764,50,121,61,118,0.2,0.931692,14.0136,11.1981
765,174,79,112,110,0.2,0.970296,90.3481,66.2567
766,129,22,107,118,0.2,0.998638,115.065,95.3388
767,101,47,95,63,0.2,0.789233,22.1066,14.9222
768,174,122,66,82,0.2,0.999998,143.251,119.933
769,121,96,65,107,0.2,0.86602,66.4977,40.2346
770,131,122,89,60,0.2,0.997996,101.39,62.2351
771,169,130,71,120,0.2,0.999886,106.011,78.3815
772,67,45,93,120,0.2,0.985544,100.125,72.9716
773,175,79,113,92,0.2,0.972977,73.5065,61.9816
774,101,70,75,96,0.2,0.939783,51.478,33.6101
775,139,22,80,110,0.2,0.999959,142.151,104.275
776,115,121,97,75,0.2,0.971973,63.6795,46.3644
777,19,57,86,63,0.2,0.997626,71.2345,64.4086
778,120,51,84,91,0.2,0.996265,74.6605,63.6589
779,162,90,68,112,0.2,0.997629,114.288,86.775
780,114,143,79,85,0.2,0.988239,91.4937,62.3455
781,40,125,62,70,0.2,0.957851,75.4306,65.3365
782,73,74,89,80,0.2,0.9828,22.23,15.7791
783,47,92,120,113,0.2,0.989134,92.5001,75.806
784,19,152,98,72,0.2,0.999997,154.562,119.657
785,124,113,107,71,0.2,0.961451,57.9107,50.4897
786,67,80,100,92,0.2,0.993963,45.006,28.6806
787,50,147,62,87,0.2,0.893595,70.7311,56.491
788,150,119,100,111,0.2,0.99583,57.3409,50.991
789,117,165,67,85,0.2,0.996643,127.782,99.9725
790,132,31,87,107,0.2,0.998764,118.229,95.704
791,56,129,80,77,0.2,0.951729,74.7023,60.7728
792,75,103,79,79,0.2,0.849521,28.1971,17.3861
793,106,119,81,116,0.2,0.858374,27.8613,17.731
794,69,95,116,111,0.2,0.991873,62.6822,46.8094
795,128,20,90,82,0.2,0.998681,98.4785,81.2714
796,144,76,62,72,0.2,0.843544,84.5987,55.1224
797,140,102,91,86,0.2,0.998973,63.4381,48.209
798,113,94,119,78,0.2,0.688253,22.566,11.5159
799,110,140,104,113,0.2,0.976198,32.6669,29.1615
800,99,144,110,91,0.2,0.897051,62.4497,47.7354
801,51,124,91,66,0.2,0.998667,96.9324,69.3952
802,87,154,85,89,0.2,0.957605,65.4051,57.2537
803,64,108,116,100,0.2,0.973167,59.6765,35.8801
804,103,170,74,76,0.2,0.992675,120.788,80.8137
805,134,156,63,104,0.2,0.999764,121.28,85.1817
806,164,131,118,61,0.2,0.981253,112.687,89.1993
807,14,122,98,105,0.2,0.999871,97.6772,88.9774
808,26,81,106,85,0.2,0.999741,82.2974,70.5809
809,40,107,96,71,0.2,0.987002,90.4623,70.5318
810,142,96,103,106,0.2,0.935348,47.9281,34.7871
811,162,0,82,115,0.2,0.999404,190.076,151.338
812,153,89,106,70,0.2,0.90062,64.2822,46.0947
813,148,23,112,111,0.2,0.999892,120.186,103.677
814,9,154,62,114,0.2,0.999872,90.3429,86.3586
815,73,110,77,78,0.2,0.898273,35.6775,28.1206
816,38,45,95,112,0.2,0.999212,121.176,101.935
817,132,154,116,118,0.2,0.9991,50.5234,48.3253
818,6,72,111,93,0.2,0.999997,122.256,105.426
819,88,38,106,115,0.2,0.997688,93.4911,80.1935
820,74,169,110,119,0.2,0.999569,84.08,67.1513
821,70,74,108,108,0.2,0.999961,70.7527,46.623
822,155,111,95,116,0.2,0.988429,63.2758,53.7962
823,57,56,117,93,0.2,0.999486,94.9627,76.9472
824,114,153,75,113,0.2,0.968704,77.913,65.6851
825,45,28,75,116,0.2,0.999993,115.736,108.881
826,16,75,86,70,0.2,0.967955,73.7508,56.0086
827,58,3,89,94,0.2,0.999984,119.56,106.749
828,64,29,64,70,0.2,0.992822,40.731,38.4118
829,80,169,89,71,0.2,0.99932,104.845,85.1817
830,133,175,62,66,0.2,0.999329,174.689,126.94
831,104,155,91,71,0.2,0.995673,96.4809,73.5565
832,19,26,92,107,0.2,0.999999,151.221,131.175
833,37,117,104,103,0.2,0.970462,79.5161,66.0008
834,133,80,82,88,0.2,0.944747,57.9227,38.1138
835,69,134,103,117,0.2,0.827786,50.9742,32.8661
836,154,47,74,92,0.2,0.999998,121.243,93.3613
837,22,28,86,86,0.2,0.999999,119.242,110.784
838,29,177,64,69,0.2,0.910775,141.637,101.835
839,10,38,86,95,0.2,0.99994,131.479,111.096
840,45,18,104,105,0.2,0.999997,143.215,115.76
841,141,118,113,65,0.2,0.991018,78.9152,64.0339
842,30,135,81,85,0.2,0.828489,98.1232,75.2041
843,149,113,61,119,0.2,0.903163,91.8897,60.3142
844,69,81,69,100,0.2,0.953964,19.0215,14.6919
845,137,77,72,105,0.2,0.975458,91.6242,63.2099
846,98,164,77,68,0.2,0.996485,115.307,104.085
847,129,168,109,97,0.2,0.998297,88.6705,78.1898
848,24,22,106,71,0.2,0.999999,128.439,117.309
849,9,124,63,73,0.2,0.987822,102.22,87.9162
850,160,142,115,77,0.2,0.9997,108.309,93.3611
851,90,70,100,96,0.2,0.979694,35.7788,28.1246
852,172,63,108,65,0.2,0.994551,64.7649,60.3222
853,130,14,75,86,0.2,0.999841,124.452,109.211
854,25,133,91,85,0.2,0.999389,111.858,84.6797
855,116,96,65,79,0.2,0.98234,67.2599,47.4449
856,138,40,94,93,0.2,0.992498,94.8426,82.7149
857,13,79,74,84,0.2,0.999634,64.9006,58.2619
858,65,174,73,116,0.2,0.988799,64.2212,58.1573
859,94,170,88,68,0.2,0.991095,105.713,88.2502
860,121,11,95,65,0.2,0.991213,78.4392,71.4585
861,67,90,71,118,0.2,0.882345,32.3516,22.4936
862,123,52,96,110,0.2,0.984233,83.7262,68.1892
863,148,13,97,103,0.2,0.99693,138.378,112.835
864,63,126,91,106,0.2,0.980483,47.4584,35.2083
865,117,78,113,117,0.2,0.930194,42.8417,26.2653
866,42,165,65,105,0.2,0.999206,81.5492,78.0123
867,108,100,66,109,0.2,0.887796,50.2165,32.8674
868,158,88,84,103,0.2,0.997265,86.4365,74.1343
869,21,41,72,110,0.2,0.995431,117.97,93.6959
870,70,69,75,63,0.2,0.648919,10.9676,6.36599
871,145,126,81,119,0.2,0.999623,69.3511,62.8699
872,158,15,98,117,0.2,0.999845,157.166,134.301
873,13,138,96,84,0.2,0.997713,133.879,104.869
874,171,144,97,77,0.2,0.999863,137.352,117.882
875,155,175,70,97,0.2,0.999999,160.276,120.767
876,21,47,118,115,0.2,1,160.135,123.779
877,146,133,87,81,0.2,0.999784,108.794,82.2017
878,18,95,112,69,0.2,0.99699,116.946,89.6149
879,57,1,113,92,0.2,0.999999,145.13,118.155
880,49,68,88,64,0.2,0.951136,42.5716,35.2414
881,33,64,98,61,0.2,0.98866,66.928,46.8049
882,138,60,109,62,0.2,0.995808,30.8007,28.7447
883,26,48,98,73,0.2,0.999939,95.0406,89.7064
884,37,76,90,76,0.2,0.980238,52.0136,42.931
885,0,17,115,112,0.2,1,205.482,182.982
886,165,2,106,68,0.2,1,121.514,119.508
887,132,59,94,110,0.2,0.993549,87.4253,64.3405
888,61,8,61,80,0.2,0.977016,70.7831,61.7899
889,46,16,81,67,0.2,0.999812,84.1536,79.6483
890,78,37,80,73,0.2,0.953204,38.148,30.6716
891,160,71,101,99,0.2,0.996126,85.3703,54.5372
892,164,61,86,90,0.2,0.999848,104.958,91.7676
893,90,71,107,76,0.2,0.766514,21.9453,14.6146
894,98,27,62,86,0.2,0.995896,93.3807,68.2701
895,70,84,117,84,0.2,0.960945,47.4341,37.3324
896,90,130,63,64,0.2,0.959776,92.1924,58.1495
897,106,162,111,93,0.2,0.99054,72.9749,67.2705
898,164,154,96,91,0.2,0.999989,129.804,88.4866
899,61,26,98,99,0.2,0.999918,107.745,76.5291
900,57,81,115,93,0.2,0.99974,68.9501,57.1169
901,171,144,99,79,0.2,0.999964,133.709,114.908
902,1,72,83,93,0.2,0.999793,100.663,96.3304
903,28,131,74,119,0.2,0.995034,55.6826,52.6697
904,98,14,112,79,0.2,0.999812,77.6628,71.5116
905,53,23,89,94,0.2,0.9997,105.127,84.6395
906,55,91,104,74,0.2,0.821095,63.9747,46.6095
907,149,165,92,61,0.2,0.98195,157.371,120.875
908,52,10,85,74,0.2,0.999672,94.5524,86.1801
909,15,16,106,63,0.2,1,135.62,115.561
910,147,9,82,72,0.2,0.995474,125.984,101.814
911,77,159,106,73,0.2,0.991315,113.133,91.7231
912,162,18,114,114,0.2,0.997201,140.466,113.531
913,99,98,81,70,0.2,0.985132,45.6284,33.4133
914,121,31,100,74,0.2,0.999672,62.9187,58.2293
915,159,93,74,84,0.2,0.890962,90.5741,62.1549
916,111,34,111,117,0.2,0.993437,82.722,71.0127
917,175,62,112,71,0.2,0.999917,70.6212,68.1715
918,116,51,115,114,0.2,0.980305,63.8505,53.7389
919,56,29,79,105,0.2,0.999994,96.6209,78.388
920,165,164,76,100,0.2,0.999996,149.971,117.322
921,23,69,119,103,0.2,1,127.342,106.654
922,4,82,77,101,0.2,0.994516,89.6439,79.0694
923,119,151,89,119,0.2,0.99309,61.6877,51.2814
924,56,26,70,76,0.2,0.999946,62.9183,60.0355
925,149,71,88,91,0.2,0.998703,78.8241,64.3121
926,108,44,115,63,0.2,0.995379,26.1173,21.8175
927,164,95,61,93,0.2,0.963033,101.234,76.6496
928,105,162,109,86,0.2,0.994398,79.5529,70.8889
929,94,165,78,65,0.2,0.994245,114.119,101.892
930,56,66,107,70,0.2,0.989753,54.5145,45.441
931,161,150,106,60,0.2,0.981555,141.967,107.74
932,33,22,83,83,0.2,0.999417,108.788,95.4397
933,149,38,118,114,0.2,0.997575,104.46,84.6186
934,113,17,76,118,0.2,0.999182,134.69,96.9261
935,27,108,62,113,0.2,0.977923,40.3088,34.3269
936,155,173,107,113,0.2,0.999983,105.06,94.1237
937,78,14,113,119,0.2,0.999999,137.403,102.495
938,10,147,81,60,0.2,0.993235,154.524,129.432
939,73,118,97,90,0.2,0.956782,51.5119,26.6411
940,102,29,74,97,0.2,0.997843,93.8943,66.4758
941,58,30,106,84,0.2,1,100.037,85.3453
942,94,29,110,75,0.2,0.99855,61.1841,51.1668
943,93,98,71,63,0.2,0.962293,56.2188,31.7125
944,3,10,80,91,0.2,1,153.562,143.964
945,115,17,83,84,0.2,0.998678,97.1191,87.3915
946,15,115,83,112,0.2,0.99871,69.595,64.4867
947,78,158,63,119,0.2,0.977744,53.6356,39.0235
948,101,52,64,92,0.2,0.913341,76.6986,50.1329
949,26,41,95,88,0.2,0.993261,113.53,92.251
950,32,91,95,101,0.2,0.98125,71.3623,63.216
951,79,169,90,110,0.2,0.993641,68.7918,63.034
952,12,0,96,106,0.2,0.999999,184.678,176.066
953,178,177,67,68,0.2,1,211.984,161.009
954,159,27,99,78,0.2,0.999733,108.056,94.7564
955,5,168,106,78,0.2,0.999992,185.273,159.96
956,87,127,89,115,0.2,0.949952,13.9973,12.2406
957,112,170,116,87,0.2,0.999598,85.8321,74.0513
958,116,111,100,115,0.2,0.697368,19.7572,10.7458
959,79,49,66,93,0.2,0.990297,56.5939,41.8385
960,43,166,73,88,0.2,0.999822,106.158,91.2409
961,102,6,78,94,0.2,0.999996,109.897,85.3202
962,65,98,76,66,0.2,0.896686,43.0103,23.1558
963,128,36,96,93,0.2,0.981038,86.9272,76.9338
964,135,39,69,86,0.2,0.999969,111.216,97.4935
965,21,77,109,116,0.2,0.999999,124.897,91.2017
966,45,133,89,115,0.2,0.98554,61.2618,49.3185
967,167,81,86,68,0.2,0.966797,91.8748,74.745
968,136,42,111,79,0.2,0.998282,60.1056,55.7118
969,114,93,64,70,0.2,0.874467,72.4506,44.4379
970,144,47,111,74,0.2,0.999623,59.2756,53.1407
971,21,124,92,76,0.2,0.999989,116.164,104.179
972,122,155,89,62,0.2,0.991228,123.617,91.6668
973,158,106,110,71,0.2,0.996428,80.8424,73.7712
974,179,148,89,68,0.2,0.999473,165.681,133.392
975,6,30,102,63,0.2,0.999999,126.031,113.802
976,175,115,107,120,0.2,0.986457,71.2948,58.2573
977,35,77,105,67,0.2,0.968851,78.7581,59.27
978,58,142,65,111,0.2,0.951791,38.0504,29.6132
979,51,6,97,72,0.2,0.998064,110.79,96.0949
980,102,91,116,115,0.2,0.975101,38.3322,23.324
981,100,122,100,72,0.2,0.951703,50.0146,40.9174
982,164,179,99,61,0.2,0.999895,179.172,138.986
983,97,107,64,103,0.2,0.949065,36.8597,23.4698
984,4,38,107,71,0.2,0.999957,133.081,118.392
985,13,50,109,109,0.2,1,150.216,127.276
986,70,150,96,67,0.2,0.977216,106.225,79.9214
987,106,131,85,74,0.2,0.990869,77.0074,55.0597
988,100,89,72,119,0.2,0.918101,57.3968,28.9702
989,151,45,120,98,0.2,0.99021,82.4197,69.3767
990,138,174,83,76,0.2,0.999694,151.382,113.285
991,140,176,61,62,0.2,0.999998,188.646,122.728
992,59,65,97,116,0.2,0.987269,87.7454,51.6088
993,170,116,69,91,0.2,0.999444,123.415,101.446
994,1,154,72,104,0.2,0.999998,117.381,109.292
995,122,106,112,80,0.2,0.966348,35.8202,28.8019
996,107,46,102,119,0.2,0.99371,77.0527,66.6718
997,48,28,73,109,0.2,0.999977,103.688,90.1079
998,87,140,106,118,0.2,0.984934,40.0178,32.8331
999,82,122,107,105,0.2,0.834679,41.6129,30.8728
1000,86,22,153,124,0.1,0.998758,166.157,88.0367
1001,44,85,126,134,0.1,0.99994,128.068,72.5213
1002,172,0,124,166,0.1,0.974877,209.937,159.087
1003,82,168,121,147,0.1,0.968418,59.8709,42.9034
1004,148,178,164,122,0.1,0.999941,71.5952,40.7917
1005,109,126,167,179,0.1,0.958414,109.013,57.2006
1006,0,170,125,147,0.1,0.966201,146.786,100.257
1007,108,18,162,158,0.1,0.981983,192.003,146.447
1008,156,129,126,152,0.1,0.869489,53.3662,22.0623
1009,153,58,132,127,0.1,0.912516,89.0152,61.8182
1010,121,76,176,163,0.1,0.969115,140.082,83.6671
1011,168,54,160,168,0.1,0.766493,121.872,75.8526
1012,6,27,120,177,0.1,1,254.675,145.83
1013,10,107,168,154,0.1,0.999945,201.499,148.899
1014,54,34,138,178,0.1,0.999837,221.954,116.635
1015,26,139,130,176,0.1,0.947479,140.206,76.2072
1016,3,161,125,126,0.1,0.99763,155.948,109.073
1017,58,14,157,170,0.1,0.999994,250.397,124.726
1018,84,28,123,131,0.1,0.999876,140.457,81.1875
1019,23,116,151,170,0.1,0.995894,178.722,103.804
1020,101,177,154,136,0.1,0.999324,92.9396,69.2522
1021,29,172,128,150,0.1,0.987376,120.027,91.722
1022,79,22,143,140,0.1,0.99991,178.608,92.4098
1023,67,128,120,128,0.1,0.917964,52.3962,41.5758
1024,92,43,174,174,0.1,0.996427,209.071,95.2229
1025,112,66,136,135,0.1,0.785126,92.6203,43.331
1026,167,26,143,160,0.1,0.862569,156.931,99.1546
1027,149,150,168,138,0.1,0.553986,31.1442,16.6211
1028,133,8,157,132,0.1,0.884915,146.361,96.8717
1029,149,12,152,126,0.1,0.909827,116.234,70.2931
1030,110,166,139,132,0.1,0.955256,62.8167,39.1926
1031,6,100,179,122,0.1,0.986908,194.127,119.18
1032,108,102,159,173,0.1,0.936787,120.824,67.0962
1033,88,123,172,127,0.1,0.798196,87.3726,53.2267
1034,90,27,124,129,0.1,0.999763,134.883,93.4969
1035,118,22,155,157,0.1,0.777565,170.708,102.686
1036,84,95,120,154,0.1,0.795484,94.394,37.9183
1037,143,3,144,174,0.1,0.91274,172.663,112.356
1038,103,17,143,141,0.1,0.995863,160.742,104.722
1039,63,111,152,174,0.1,0.99349,149.641,52.9253
1040,37,125,165,134,0.1,0.957789,135.969,103.589
1041,174,179,164,132,0.1,0.99994,55.0377,51.8268
1042,162,102,174,139,0.1,0.748291,48.5233,25.7569
1043,113,45,134,180,0.1,0.887284,154.118,79.6175
1044,150,73,166,177,0.1,0.663276,118.857,59.8579
1045,80,161,126,131,0.1,0.916389,75.5282,58.8365
1046,46,32,130,172,0.1,0.999999,218.057,116.468
1047,160,149,142,153,0.1,0.692173,22.0448,10.78
1048,38,26,149,177,0.1,1,257.017,154.029
1049,148,18,170,160,0.1,0.946744,163.557,116.63
1050,118,100,180,143,0.1,0.939136,103.606,39.9669
1051,2,123,145,145,0.1,0.986254,163.844,114.869
1052,24,27,154,126,0.1,1,222.26,135.084
1053,88,84,174,146,0.1,0.99661,144.592,51.3415
1054,52,124,141,153,0.1,0.894621,117.308,67.347
1055,43,18,152,167,0.1,0.999999,252.863,144.873
1056,21,106,120,143,0.1,0.999399,133.464,94.0759
1057,152,138,128,169,0.1,0.939648,56.3665,23.002
1058,85,141,164,135,0.1,0.725692,84.4083,41.4173
1059,172,62,132,143,0.1,0.899756,120.773,81.2342
1060,137,35,129,174,0.1,0.814182,145.224,95.741
1061,39,7,128,131,0.1,0.999987,208.015,140.515
1062,50,88,142,178,0.1,0.998033,176.776,76.4138
1063,19,97,123,180,0.1,0.998392,184.243,89.7503
1064,123,45,146,175,0.1,0.830878,151.017,94.1824
1065,114,163,178,169,0.1,0.791945,69.3304,32.8788
1066,102,69,139,155,0.1,0.83606,121.514,53.6003
1067,107,38,128,162,0.1,0.805622,143.647,85.0762
1068,149,173,133,176,0.1,0.90824,20.0703,11.2295
1069,106,1,172,145,0.1,0.998322,204.948,129.644
1070,17,0,160,133,0.1,1,263.178,182.818
1071,70,161,173,120,0.1,0.999679,141.802,93.6086
1072,69,109,140,126,0.1,0.985601,86.6045,36.0001
1073,128,170,143,128,0.1,0.995729,57.946,34.4767
1074,174,62,154,156,0.1,0.674578,113.412,61.6699
1075,73,112,165,133,0.1,0.967957,111.517,60.5973
1076,139,166,146,144,0.1,0.881428,29.2759,17.1638
1077,117,57,157,136,0.1,0.925536,119.694,64.4512
1078,98,138,126,140,0.1,0.93829,29.9244,25.0226
1079,76,61,153,137,0.1,0.989199,149.935,55.8439
1080,108,48,124,163,0.1,0.991139,128.523,91.8975
1081,156,102,166,124,0.1,0.878082,31.9964,22.2055
1082,105,29,158,140,0.1,0.952254,163,99.9256
1083,4,147,147,153,0.1,0.63956,147.933,84.8574
1084,35,178,139,141,0.1,0.995564,138.968,92.4098
1085,133,102,175,157,0.1,0.964887,96.1348,53.9924
1086,21,110,148,164,0.1,0.998699,177.821,93.8197
1087,170,16,123,132,0.1,0.982662,161.354,116.066
1088,34,46,174,180,0.1,1,268.142,135.345
1089,105,16,159,138,0.1,0.957162,173.908,113.835
1090,132,4,173,174,0.1,0.981073,207.706,159.065
1091,126,3,154,161,0.1,0.860529,184.286,128.26
1092,127,40,125,145,0.1,0.967098,106.695,85.2933
1093,167,130,166,120,0.1,0.913449,11.0859,9.02667
1094,108,170,155,166,0.1,0.792502,50.2237,37.6266
1095,7,129,163,161,0.1,0.997321,186.831,133.333
1096,126,173,156,133,0.1,0.996041,69.7207,54.0075
1097,135,74,175,126,0.1,0.676146,91.3169,51.0341
1098,40,36,161,168,0.1,0.999958,248.569,126.358
1099,121,12,149,171,0.1,0.937248,188.893,117.408
1100,17,31,122,165,0.1,1,230.898,133.975
1101,14,155,125,175,0.1,0.936744,130.665,52.2025
1102,0,9,160,144,0.1,1,282.363,178.363
1103,133,153,149,156,0.1,0.717103,19.1913,11.3873
1104,119,4,173,152,0.1,0.993574,199.917,151.009
1105,8,158,153,156,0.1,0.868029,147.843,95.4366
1106,160,11,144,139,0.1,0.986458,143.769,98.2561
1107,122,140,153,163,0.1,0.857285,54.5759,29.4535
1108,91,19,159,169,0.1,0.987426,214.581,125.032
1109,173,4,138,179,0.1,0.676219,208.277,104.139
1110,13,37,176,130,0.1,0.999997,245.515,135.71
1111,136,158,127,161,0.1,0.772619,12.4294,6.35888
1112,24,76,129,170,0.1,0.999993,191.92,93.935
1113,174,29,149,169,0.1,0.867793,164.026,101.446
1114,143,136,120,151,0.1,0.749087,39.5418,16.545
1115,91,168,124,146,0.1,0.951111,55.0072,38.0076
1116,74,12,136,154,0.1,0.999605,200.456,97.3802
1117,59,1,123,142,0.1,0.999995,199.878,129.056
1118,4,150,179,178,0.1,0.992005,200.224,136.282
1119,29,125,172,152,0.1,0.996423,167.848,131.74
1120,101,91,129,175,0.1,0.883629,110.518,41.7117
1121,116,139,132,121,0.1,0.937468,35.6802,17.2289
1122,73,54,174,154,0.1,0.999929,193.312,84.3826
1123,117,48,153,180,0.1,0.961164,165.985,101.632
1124,34,20,143,133,0.1,1,215.35,126.906
1125,41,70,177,177,0.1,1,239.009,120.103
1126,140,125,128,128,0.1,0.830548,15.6718,9.613
1127,114,130,150,133,0.1,0.874622,39.2175,27.5621
1128,101,159,168,164,0.1,0.78835,73.2274,37.1716
1129,128,116,143,180,0.1,0.808779,78.1355,40.7472
1130,168,46,138,171,0.1,0.887051,155.07,100.182
1131,74,153,159,134,0.1,0.987899,104.006,71.6188
1132,170,105,163,122,0.1,0.544327,24.208,9.96442
1133,123,112,155,154,0.1,0.869804,75.5212,32.7383
1134,74,43,133,135,0.1,0.999657,148.388,74.0687
1135,153,154,177,170,0.1,0.853888,39.7565,12.4475
1136,178,67,122,153,0.1,0.923938,142.587,74.8171
1137,54,9,134,172,0.1,0.999866,235.502,123.982
1138,40,12,134,178,0.1,0.999998,253.181,142.326
1139,45,79,152,166,0.1,0.99996,189.122,84.4559
1140,142,71,150,133,0.1,0.93333,70.0963,56.4602
1141,158,108,147,173,0.1,0.913971,77.6562,42.0798
1142,14,115,142,124,0.1,0.997783,134.878,112.779
1143,62,144,136,174,0.1,0.657017,105.559,44.1367
1144,44,160,130,170,0.1,0.927483,96.4315,62.5737
1145,165,116,153,147,0.1,0.740858,43.0407,21.1647
1146,142,156,129,154,0.1,0.988873,15.1945,12.5681
1147,132,168,128,158,0.1,0.929837,14.3791,11.3372
1148,112,141,153,154,0.1,0.8822,54.7505,37.3416
1149,81,142,157,164,0.1,0.878304,98.286,64.6986
1150,28,149,170,141,0.1,0.962131,148.745,85.7413
1151,95,3,159,164,0.1,0.995531,221.917,131.953
1152,11,120,180,154,0.1,0.991384,200.94,145.392
1153,1,27,135,127,0.1,1,230.213,154.462
1154,101,75,160,124,0.1,0.988797,107.194,56.0608
1155,58,81,145,138,0.1,0.999998,140.908,65.2031
1156,81,151,180,121,0.1,0.972876,127.295,78.8737
1157,139,110,147,172,0.1,0.838533,70.1373,43.8474
1158,46,19,152,141,0.1,0.999991,222.736,129.453
1159,2,16,167,148,0.1,1,288.493,178.498
1160,106,177,142,148,0.1,0.973538,64.9231,46.8791
1161,40,152,126,178,0.1,0.845653,110.834,61.0909
1162,100,27,144,159,0.1,0.985517,173.281,95.3906
1163,31,70,163,129,0.1,1,186.647,111.573
1164,22,79,124,137,0.1,0.999997,155.938,92.9951
1165,27,134,171,158,0.1,0.966493,165.888,86.8894
1166,171,154,164,131,0.1,0.995052,29.8831,24.601
1167,30,15,165,129,0.1,1,240.579,143.823
1168,99,140,147,132,0.1,0.93684,57.2331,26.7856
1169,1,32,179,130,0.1,1,266.623,145.654
1170,139,129,171,139,0.1,0.573647,41.6113,16.8164
1171,150,176,169,145,0.1,0.990365,50.3362,31.7252
1172,94,15,169,146,0.1,0.999545,202.06,103.708
1173,105,50,142,175,0.1,0.972098,161.162,99.6746
1174,126,86,162,142,0.1,0.949316,93.1687,54.3154
1175,105,33,135,163,0.1,0.96781,158.463,116.726
1176,128,91,160,156,0.1,0.837397,97.1533,54.9159
1177,86,46,122,149,0.1,0.998221,137.426,86.0364
1178,65,153,148,179,0.1,0.954155,108.338,56.7648
1179,46,178,164,176,0.1,0.858028,118.775,58.4287
1180,110,153,141,137,0.1,0.969886,46.984,27.802
1181,64,127,136,159,0.1,0.986783,103.71,73.8961
1182,48,78,120,147,0.1,0.998966,137.744,64.6621
1183,144,143,141,177,0.1,0.670375,37.8303,17.7078
1184,151,69,173,174,0.1,0.886322,128.798,73.8891
1185,163,29,137,142,0.1,0.895696,137.845,99.0311
1186,3,32,120,151,0.1,1,227.625,143.144
1187,36,14,155,125,0.1,1,225.354,145.895
1188,171,146,139,170,0.1,0.761567,58.2151,21.2138
1189,132,122,177,135,0.1,0.816763,57.8347,27.7976
1190,54,16,159,169,0.1,0.999973,254.021,132.056
1191,39,128,131,128,0.1,0.984831,91.0453,83.1714
1192,42,142,164,159,0.1,0.880676,141.589,69.3958
1193,10,56,163,149,0.1,1,239.172,142.636
1194,95,146,146,133,0.1,0.97058,64.8822,30.4253
1195,134,131,132,145,0.1,0.774345,16.4582,10.4592
1196,171,96,171,173,0.1,0.682318,76.9411,43.3012
1197,115,60,171,146,0.1,0.982371,141.854,74.8576
1198,54,118,162,174,0.1,0.981074,162.349,74.8477
1199,152,106,146,128,0.1,0.816965,29.378,15.1223
1200,141,149,123,145,0.1,0.969811,21.6829,19.3757
1201,138,23,177,135,0.1,0.966159,150.049,109.564
1202,49,65,144,130,0.1,0.999977,154.698,73.439
1203,70,153,137,132,0.1,0.918551,87.699,64.9726
1204,30,149,122,143,0.1,0.842568,96.4688,67.9166
1205,28,99,167,168,0.1,0.999488,204.41,102.986
1206,72,30,169,180,0.1,0.999911,240.43,100.972
1207,26,179,174,140,0.1,0.999364,184.448,130.092
1208,99,53,138,173,0.1,0.994985,157.441,66.7429
1209,68,55,120,148,0.1,0.9998,143.295,71.5666
1210,63,173,161,155,0.1,0.970788,116.298,68.8935
1211,144,141,124,150,0.1,0.411961,28.9299,10.5464
1212,112,14,124,159,0.1,0.972185,155.772,98.1932
1213,6,118,171,158,0.1,0.993386,204.158,125.197
1214,80,153,166,154,0.1,0.928104,87.5523,50.3325
1215,5,93,125,176,0.1,0.999986,198.149,111.241
1216,47,91,141,120,0.1,0.999583,121.217,82.0089
1217,141,113,140,159,0.1,0.786451,47.2526,32.6424
1218,162,144,132,151,0.1,0.446247,36.8804,12.77
1219,144,78,163,135,0.1,0.932525,76.7449,56.2718
1220,169,87,140,174,0.1,0.965942,115.614,77.9858
1221,91,100,148,132,0.1,0.975872,88.6001,56.5352
1222,125,47,151,132,0.1,0.913849,110.391,77.0221
1223,166,75,134,153,0.1,0.929956,112.156,66.8521
1224,66,57,171,138,0.1,0.999806,181.817,71.3487
1225,165,87,127,131,0.1,0.946765,81.936,64.1623
1226,51,50,157,158,0.1,0.999589,209.308,105.946
1227,152,59,127,159,0.1,0.931673,122.567,81.8793
1228,89,54,174,131,0.1,0.99865,159.49,72.5771
1229,169,47,142,135,0.1,0.978532,115.551,86.0952
1230,85,163,159,144,0.1,0.935865,92.4627,59.9412
1231,41,104,164,178,0.1,0.993532,193.375,115.54
1232,48,67,132,153,0.1,0.999958,165.833,74.6609
1233,139,51,120,158,0.1,0.836657,125.849,78.3858
1234,102,170,161,153,0.1,0.966419,75.7426,54.256
1235,157,46,161,147,0.1,0.907656,104.436,66.0498
1236,28,119,171,137,0.1,0.929916,158.895,104.883
1237,21,83,165,132,0.1,0.999998,189.287,89.0992
1238,33,3,158,128,0.1,1,244.105,159.15
1239,104,42,142,120,0.1,0.98717,115.393,68.8857
1240,84,4,146,135,0.1,0.99986,190.09,120.329
1241,150,76,171,148,0.1,0.952078,93.0746,62.7214
1242,4,129,142,172,0.1,0.984343,180.048,131.793
1243,112,86,137,121,0.1,0.964571,59.4725,35.252
1244,125,155,125,168,0.1,0.761709,13.2573,9.03551
1245,154,178,159,149,0.1,0.972545,34.4512,27.7281
1246,28,153,122,142,0.1,0.975865,104.631,81.0344
1247,55,127,132,160,0.1,0.947467,109.235,84.6477
1248,128,60,166,155,0.1,0.96063,131.811,89.4909
1249,114,9,123,122,0.1,0.990942,121.284,99.3133
1250,117,103,123,128,0.1,0.953663,31.4499,21.0415
1251,119,33,136,161,0.1,0.901243,145.318,77.0992
1252,175,1,132,150,0.1,0.971456,190.579,161.577
1253,101,154,127,148,0.1,0.887747,32.6733,21.2956
1254,26,150,126,155,0.1,0.940209,104.282,77.6889
1255,49,103,170,156,0.1,0.98093,172.828,93.5669
1256,49,44,153,126,0.1,0.999966,181.959,94.5048
1257,11,11,142,123,0.1,1,236.769,160.842
1258,145,103,126,172,0.1,0.937723,88.7892,50.1337
1259,136,107,179,125,0.1,0.601617,60.6917,26.0255
1260,3,72,177,155,0.1,1,249.93,135.225
1261,118,115,167,133,0.1,0.89894,67.0571,37.2002
1262,9,96,152,131,0.1,0.999794,175.512,111.842
1263,4,20,180,135,0.1,1,282.522,182.775
1264,35,65,120,123,0.1,0.999996,140.949,81.8107
1265,9,100,126,159,0.1,0.997791,173.77,111.724
1266,38,16,165,176,0.1,1,280.604,150.024
1267,107,140,155,160,0.1,0.848527,67.4479,46.4711
1268,175,129,175,160,0.1,0.659616,31.5005,15.7194
1269,78,4,122,169,0.1,0.996812,206.287,126.401
1270,14,107,130,133,0.1,0.999597,139.775,115.142
1271,14,54,168,136,0.1,1,229.409,137.488
1272,2,28,136,142,0.1,1,244.346,155.119
1273,150,118,155,139,0.1,0.711235,26.2016,13.9217
1274,73,49,178,141,0.1,0.997632,192.687,80.9181
1275,46,107,160,172,0.1,0.990468,176.592,87.1279
1276,44,124,161,145,0.1,0.967658,137.119,97.4415
1277,114,109,167,123,0.1,0.959334,66.7284,32.387
1278,77,160,166,126,0.1,0.983498,122.49,83.1701
1279,91,67,160,170,0.1,0.996713,168.464,61.986
1280,115,8,132,123,0.1,0.97365,132.232,94.1071
1281,109,100,127,122,0.1,0.918909,39.6496,30.0784
1282,71,110,164,121,0.1,0.964298,102.65,39.6514
1283,119,130,150,136,0.1,0.831638,38.4457,21.9081
1284,47,1,121,128,0.1,1,195.671,122.038
1285,65,131,131,135,0.1,0.931839,70.6796,44.7501
1286,70,70,121,160,0.1,0.999967,139.783,74.8455
1287,7,150,134,132,0.1,0.906581,145.179,94.2352
1288,145,123,163,155,0.1,0.923887,51.0686,24.3
1289,78,102,137,162,0.1,0.974454,117.53,61.0091
1290,97,96,125,130,0.1,0.939629,61.786,30.0885
1291,109,130,149,168,0.1,0.934059,78.3158,43.2492
1292,6,58,152,136,0.1,1,217.726,134.915
1293,23,144,123,158,0.1,0.898203,115.183,68.3173
1294,103,38,139,150,0.1,0.975346,145.307,103.535
1295,162,41,130,170,0.1,0.806418,165.58,72.337
1296,162,133,176,153,0.1,0.750697,36.489,14.656
1297,30,173,157,122,0.1,0.999678,175.802,119.226
1298,102,35,138,174,0.1,0.989765,173.894,127.861
1299,80,72,161,172,0.1,0.99998,178.441,51.7588
1300,173,57,159,151,0.1,0.941164,107.931,68.1028
1301,154,174,149,151,0.1,0.997863,27.4556,26.246
1302,142,121,159,147,0.1,0.770456,42.9416,23.7772
1303,12,107,177,168,0.1,0.99998,222.003,145.963
1304,166,113,153,157,0.1,0.853865,57.2216,27.2913
1305,118,52,125,160,0.1,0.933464,114.629,67.9096
1306,146,81,158,157,0.1,0.820506,87.7678,54.3068
1307,113,166,180,136,0.1,0.971865,96.2075,51.9803
1308,81,31,177,170,0.1,0.996742,231.184,114.307
1309,69,83,136,162,0.1,0.999428,140.76,42.9342
1310,126,125,134,148,0.1,0.791346,31.2784,18.9488
1311,20,42,135,125,0.1,0.999999,191.172,105.173
1312,30,161,131,160,0.1,0.969978,101.288,81.3968
1313,178,34,169,171,0.1,0.913395,145.051,104.018
1314,107,25,162,175,0.1,0.899063,203.205,126.435
1315,66,81,165,146,0.1,0.999968,160.566,50.4897
1316,75,103,124,159,0.1,0.988235,105.082,67.3288
1317,177,82,151,143,0.1,0.7623,86.8886,46.3753
1318,110,162,178,168,0.1,0.852541,73.4558,49.2154
1319,68,14,160,128,0.1,0.999985,200.669,113.969
1320,168,135,124,137,0.1,0.998015,45.679,38.2888
1321,4,9,160,133,0.1,1,266.489,177.172
1322,46,50,164,169,0.1,0.999995,233.306,113.073
1323,7,173,166,177,0.1,0.617906,160.943,79.0005
1324,94,81,149,144,0.1,0.940248,117.313,55.7128
1325,63,69,165,150,0.1,0.999996,179.41,54.7743
1326,147,14,137,126,0.1,0.963733,121.346,100.948
1327,176,13,140,124,0.1,0.991483,146.568,107.741
1328,129,149,127,126,0.1,0.914062,25.4263,20.1617
1329,178,31,137,170,0.1,0.953884,179.224,128.418
1330,35,103,140,142,0.1,0.996908,142.599,109.836
1331,54,113,175,141,0.1,0.992271,147.676,78.7339
1332,90,9,123,152,0.1,0.995354,175.275,130.709
1333,21,152,134,124,0.1,0.98884,139.752,103.015
1334,45,90,159,139,0.1,0.99957,161.302,83.1739
1335,134,161,126,149,0.1,0.933136,19.932,15.2491
1336,172,175,130,177,0.1,0.999157,43.9814,36.2885
1337,161,96,170,145,0.1,0.932347,59.8519,38.8317
1338,2,82,151,152,0.1,1,206.417,103.48
1339,38,54,175,177,0.1,1,251.935,122.319
1340,77,10,138,135,0.1,0.998907,183.28,108.64
1341,38,62,163,174,0.1,0.999934,232.161,107.901
1342,47,16,138,128,0.1,1,199.059,119.053
1343,50,51,170,125,0.1,0.999975,189.685,97.9459
1344,66,64,169,136,0.1,0.995775,171.76,63.4225
1345,122,175,162,121,0.1,0.99999,92.9086,62.4082
1346,165,59,137,146,0.1,0.862118,113.485,83.5032
1347,13,82,130,134,0.1,1,161.278,91.7258
1348,117,48,151,123,0.1,0.983356,108.136,80.2763
1349,168,173,146,140,0.1,0.999794,53.7292,50.134
1350,148,62,143,151,0.1,0.959614,94.2894,61.9217
1351,53,30,160,143,0.1,1,214.348,103.802
1352,123,157,149,178,0.1,0.958491,47.9158,19.4853
1353,161,80,157,140,0.1,0.822813,64.2605,38.1998
1354,19,82,140,158,0.1,0.999997,191.545,90.364
1355,92,12,131,169,0.1,0.989181,191.854,118.681
1356,14,11,122,134,0.1,1,223.518,148.527
1357,111,24,136,165,0.1,0.864328,164.497,107.03
1358,15,4,158,156,0.1,1,283.477,179.679
1359,90,132,152,124,0.1,0.656417,69.3886,38.567
1360,110,56,170,151,0.1,0.994323,152.52,62.9514
1361,102,99,128,142,0.1,0.921924,68.3721,48.4437
1362,15,36,142,128,0.1,1,213.34,125.657
1363,9,97,121,152,0.1,0.999911,164.974,115.565
1364,70,5,153,167,0.1,0.998728,238.724,138.07
1365,98,100,140,156,0.1,0.980498,98.0808,57.7932
1366,142,34,130,180,0.1,0.957487,156.812,108.473
1367,160,86,133,131,0.1,0.922582,72.462,48.9934
1368,124,128,131,177,0.1,0.880939,58.1914,27.8244
1369,107,133,131,122,0.1,0.932743,36.8843,18.4907
1370,136,154,164,158,0.1,0.854109,32.7218,17.4101
1371,119,119,150,121,0.1,0.924468,33.2658,21.8038
1372,95,23,158,160,0.1,0.996011,196.768,105.437
1373,108,17,128,147,0.1,0.93316,149.248,99.6078
1374,27,130,122,173,0.1,0.847794,140.401,74.7969
1375,170,72,168,144,0.1,0.878002,74.1185,58.8183
1376,124,58,120,141,0.1,0.879688,88.0779,47.8213
1377,53,63,171,148,0.1,0.999877,199.297,88.8171
1378,10,130,143,141,0.1,0.993873,141.296,118.83
1379,178,178,139,176,0.1,0.999556,40.1561,37.7015
1380,5,171,179,166,0.1,0.723923,177.277,99.5658
1381,155,45,165,143,0.1,0.966079,107.267,76.3174
1382,4,174,163,132,0.1,0.999996,199.195,145.009
1383,124,86,137,151,0.1,0.696839,77.858,41.9858
1384,168,173,174,158,0.1,0.865844,22.3033,14.0134
1385,83,74,147,134,0.1,0.997601,122.969,45.5336
1386,42,48,154,127,0.1,0.999994,187.735,106.335
1387,5,152,153,124,0.1,0.996045,174.877,136.186
1388,30,151,177,152,0.1,0.862029,147.016,92.6749
1389,38,129,140,131,0.1,0.980629,103.344,84.177
1390,116,106,140,159,0.1,0.881565,76.353,36.4661
1391,48,50,130,124,0.1,0.999997,154.322,97.4426
1392,129,135,151,136,0.1,0.802539,23.4435,12.4435
1393,30,106,178,180,0.1,0.999886,217.402,113.644
1394,21,119,167,166,0.1,0.975603,191.258,103.35
1395,164,60,123,167,0.1,0.980378,144.818,99.4316
1396,98,117,133,121,0.1,0.892287,39.8163,25.624
1397,4,54,172,138,0.1,1,239.163,150.808
1398,123,73,173,144,0.1,0.91926,123.079,79.2004
1399,31,50,141,145,0.1,1,199.874,109.425
1400,162,32,122,169,0.1,0.869821,174.558,115.575
1401,15,159,153,131,0.1,0.993436,164.228,125.138
1402,24,60,176,136,0.1,0.999915,221.044,101.287
1403,45,139,121,140,0.1,0.993809,76.3463,64.1543
1404,151,164,151,168,0.1,0.691317,4.1541,2.58963
1405,40,51,146,166,0.1,0.999997,215.152,112.695
1406,2,64,180,149,0.1,1,255.907,159.609
1407,145,116,173,147,0.1,0.888911,59.7907,28.7369
1408,165,97,153,155,0.1,0.84736,71.1738,32.3436
1409,125,88,127,126,0.1,0.925481,40.6532,30.7611
1410,124,122,136,164,0.1,0.865909,53.7617,31.4344
1411,110,84,174,175,0.1,0.987807,153.272,58.9847
1412,56,94,155,138,0.1,0.992465,141.713,79.8005
1413,28,57,169,135,0.1,0.999996,214.473,112.711
1414,1,10,154,164,0.1,1,292.337,177.075
1415,25,170,163,165,0.1,0.915721,140.671,94.0709
1416,93,122,145,138,0.1,0.949318,68.1375,46.9312
1417,7,173,150,179,0.1,0.799808,147.742,91.0572
1418,19,52,155,166,0.1,1,241.778,123.113
1419,116,28,179,141,0.1,0.985498,172.858,101.277
1420,132,100,158,152,0.1,0.9262,77.5321,46.3093
1421,144,52,157,154,0.1,0.825199,114.102,64.5473
1422,4,88,123,157,0.1,0.999996,182.763,94.2727
1423,82,140,168,175,0.1,0.996433,119.414,79.0559
1424,90,72,156,173,0.1,0.983557,161.179,52.494
1425,179,89,154,171,0.1,0.694289,106.764,58.7867
1426,106,48,122,177,0.1,0.98914,144.853,99.3694
1427,44,128,176,167,0.1,0.99747,169.198,118.611
1428,36,3,175,146,0.1,1,274.783,163.701
1429,149,137,177,141,0.1,0.568939,32.5797,10.6299
1430,29,139,150,135,0.1,0.978073,124.893,76.5243
1431,132,69,154,145,0.1,0.958981,96.6282,69.5055
1432,59,32,147,129,0.1,0.999988,179.114,94.4954
1433,20,177,151,169,0.1,0.992754,137.735,100.252
1434,162,155,150,154,0.1,0.947324,12.8584,10.6578
1435,39,124,153,124,0.1,0.938688,112.972,88.504
1436,25,64,141,139,0.1,1,184.434,96.1901
1437,63,36,128,130,0.1,0.999766,156.25,73.3847
1438,114,40,162,152,0.1,0.977741,159.485,105.687
1439,11,175,151,141,0.1,0.999723,172.137,136.729
1440,164,87,145,127,0.1,0.963195,59.0926,46.3998
1441,145,132,130,132,0.1,0.945251,14.9137,12.9789
1442,49,162,133,180,0.1,0.603926,100.901,48.9983
1443,141,84,136,139,0.1,0.616108,59.9072,30.6629
1444,47,168,143,131,0.1,0.999752,131.977,84.1567
1445,31,95,166,153,0.1,0.999752,188.274,94.7802
1446,114,112,126,120,0.1,0.897878,20.3046,12.8757
1447,12,136,139,132,0.1,0.696518,129.575,78.3324
1448,30,49,141,142,0.1,1,197.687,110.115
1449,144,176,138,153,0.1,0.997123,28.3584,26.5446
1450,106,36,153,172,0.1,0.963271,180.927,132.316
1451,163,160,127,157,0.1,0.994306,39.0235,34.0814
1452,78,10,139,138,0.1,0.998112,186.558,108.76
1453,88,174,125,180,0.1,0.498553,42.9997,19.3354
1454,52,137,146,177,0.1,0.880088,133.258,78.3856
1455,62,28,173,122,0.1,1,197.179,86.1558
1456,110,158,159,122,0.1,0.963674,85.1249,52.7847
1457,139,172,155,129,0.1,0.989465,59.7558,42.3029
1458,17,21,151,136,0.1,1,240.47,146.982
1459,22,98,153,141,0.1,0.999725,171.571,103.596
1460,146,156,143,123,0.1,0.999209,36.1786,30.3703
1461,172,152,168,156,0.1,0.670144,8.45962,4.14636
1462,12,113,124,124,0.1,0.997908,119.964,99.7559
1463,14,94,143,153,0.1,0.999974,184.881,93.0736
1464,142,90,173,154,0.1,0.955,96.1082,57.4043
1465,75,31,141,154,0.1,0.999198,185.075,102.75
1466,11,47,153,121,0.1,1,211.009,131.275
1467,65,32,164,174,0.1,0.999791,236.168,98.4849
1468,142,137,133,161,0.1,0.79787,34.164,17.7382
1469,137,36,152,158,0.1,0.929032,136.111,97.0234
1470,101,107,167,134,0.1,0.933107,93.6744,48.6633
1471,116,121,125,139,0.1,0.864071,27.0666,19.947
1472,67,114,166,179,0.1,0.977931,161.829,71.6784
1473,81,123,133,158,0.1,0.945951,87.0108,52.5034
1474,75,98,127,142,0.1,0.986212,94.88,51.8127
1475,101,68,154,125,0.1,0.88961,108.878,62.6558
1476,56,166,140,166,0.1,0.940854,83.455,58.0533
1477,79,17,169,180,0.1,0.999036,249.742,133.088
1478,163,172,167,121,0.1,0.996199,56.3778,45.5137
1479,163,1,133,157,0.1,0.975639,184.052,144.076
1480,71,53,179,139,0.1,0.999823,190.604,83.7896
1481,68,139,158,147,0.1,0.835741,97.0019,64.9961
1482,121,48,172,142,0.1,0.963324,144.359,92.7047
1483,175,154,133,138,0.1,0.999979,57.4353,49.5624
1484,91,162,174,121,0.1,0.996588,122.587,77.5957
1485,58,136,127,139,0.1,0.902359,71.3983,52.1431
1486,27,29,150,122,0.1,1,209.902,125.748
1487,148,77,142,159,0.1,0.80739,87.8518,48.4318
1488,43,97,129,172,0.1,0.995793,156.226,66.4647
1489,25,117,131,127,0.1,0.948896,114.268,93.5312
1490,136,1,134,124,0.1,0.926366,124.182,99.0853
1491,157,136,169,165,0.1,0.802402,41.3868,17.7347
1492,141,123,178,127,0.1,0.575235,40.6311,19.9538
1493,67,76,165,135,0.1,0.999398,153.365,45.592
1494,6,60,153,138,0.1,0.999999,218.647,129.605
1495,52,167,145,150,0.1,0.945403,109.271,75.9383
1496,45,109,177,150,0.1,0.999056,170.929,73.8511
1497,7,104,145,135,0.1,0.999927,167.364,146.359
1498,57,128,149,126,0.1,0.884722,93.2357,58.3154
1499,159,86,124,177,0.1,0.99255,123.209,71.7008
1500,86,22,124,53,0.05,0.994373,69.2197,55.1574
1501,44,85,115,45,0.05,0.996809,107.915,53.7867
1502,172,0,92,22,0.05,0.999832,98.8811,94.4822
1503,82,168,158,162,0.05,0.907153,83.0632,40.5802
1504,148,178,150,112,0.05,0.999748,67.5851,57.398
1505,109,126,129,57,0.05,0.806739,88.9288,30.2554
1506,0,170,137,111,0.05,0.99973,194.487,129.667
1507,108,18,14,66,0.05,0.997601,142.935,75.3313
1508,156,129,2,36,0.05,1,238.899,112.565
1509,153,58,162,89,0.05,0.94653,42.0889,26.5294
1510,121,76,87,0,0.05,0.83639,108.536,27.269
1511,168,54,172,28,0.05,0.646636,31.5486,7.69268
1512,6,27,113,84,0.05,1,161.549,135.088
1513,10,107,174,140,0.05,0.999948,194.019,140.117
1514,54,34,119,97,0.05,0.999957,126.942,97.9008
1515,26,139,3,123,0.05,0.904556,40.6985,18.503
1516,3,161,160,23,0.05,1,286.277,166.497
1517,58,14,103,48,0.05,0.999979,79.6414,56.1327
1518,84,28,1,13,0.05,0.328672,97.8526,21.9344
1519,23,116,33,64,0.05,0.728972,64.47,22.2741
1520,101,177,11,99,0.05,0.999905,166.38,97.067
1521,29,172,135,92,0.05,0.99985,181.166,125.721
1522,48,70,78,124,0.05,0.977264,82.6665,59.9867
1523,121,123,67,61,0.05,0.999253,113.909,69.8465
1524,21,23,158,82,0.05,0.999908,193.798,129.294
1525,92,43,154,50,0.05,0.86121,69.4608,29.7402
1526,112,66,95,180,0.05,0.572269,129.366,30.4036
1527,167,26,7,176,0.05,1,298.201,154.865
1528,149,150,174,124,0.05,0.967407,51.6607,29.6594
1529,133,8,12,97,0.05,1,199.654,115.199
1530,149,12,56,14,0.05,0.797554,97.7455,35.294
1531,110,166,29,18,0.05,0.999761,223.156,115.042
1532,6,100,155,122,0.05,0.998333,170.613,124.835
1533,108,102,58,126,0.05,0.977307,71.0092,36.6313
1534,88,123,153,62,0.05,0.974332,124.386,56.0422
1535,90,27,69,52,0.05,0.977457,45.4052,38.518
1536,118,22,147,141,0.05,0.933801,147.787,96.8228
1537,84,95,0,34,0.05,0.911837,141.497,32.6491
1538,143,3,76,50,0.05,0.998001,114.771,87.7252
1539,103,17,53,23,0.05,0.936191,57.0356,23.8556
1540,63,111,101,109,0.05,0.985592,39.9716,33.292
1541,37,125,151,4,0.05,0.999999,224.662,104.727
1542,174,179,14,162,0.05,0.714794,176.693,74.2685
1543,162,102,108,149,0.05,0.898797,101.572,41.4644
1544,113,45,50,56,0.05,0.969263,75.3166,30.9606
1545,150,73,174,41,0.05,0.383033,56.1835,15.7514
1546,80,161,160,89,0.05,0.999982,151.098,81.4578
1547,46,32,71,99,0.05,0.999871,90.5107,84.9996
1548,160,149,143,68,0.05,0.948763,96.5799,66.8954
1549,38,26,145,157,0.05,1,233.541,150.439
1550,148,18,175,87,0.05,0.992984,97.449,62.7781
1551,118,100,22,78,0.05,0.998826,116.578,40.3521
1552,20,83,2,121,0.05,0.781194,59.7859,24.8282
1553,145,26,24,3,0.05,0.231879,143.438,32.6871
1554,148,16,87,177,0.05,0.997219,211.733,133.048
1555,63,172,52,72,0.05,0.875884,109.17,63.2891
1556,143,150,42,156,0.05,0.520763,106.6,19.596
1557,11,19,21,85,0.05,0.999401,75.8486,62.9603
1558,44,100,158,97,0.05,0.432784,117.268,30.7
1559,152,138,25,108,0.05,0.998943,154.097,102.237
1560,85,141,14,165,0.05,0.543091,94.7951,24.5995
1561,172,62,94,125,0.05,0.989965,137.916,84.0856
1562,137,35,43,43,0.05,0.375399,102.05,34.5923
1563,162,115,180,31,0.05,0.503292,112.307,23.787
1564,39,7,93,50,0.05,0.999091,96.4609,85.919
1565,50,88,166,26,0.05,0.96944,172.064,66.1791
1566,19,97,114,89,0.05,0.957175,103.702,63.7693
1567,123,45,122,39,0.05,0.36656,7.05681,2.51886
1568,114,163,42,81,0.05,0.992604,152.549,102.355
1569,102,69,119,135,0.05,0.914887,82.5282,45.2152
1570,107,38,116,14,0.05,0.306728,32.9467,7.29026
1571,149,173,179,74,0.05,0.970519,127.447,52.0212
1572,4,129,105,76,0.05,0.999987,151.385,98.9333
1573,154,53,16,164,0.05,0.999997,237.632,104.697
1574,81,161,70,91,0.05,0.999766,79.7007,70.2464
1575,40,129,69,40,0.05,0.75095,117.002,65.3365
1576,52,58,128,42,0.05,0.52167,92.0697,40.8103
1577,98,155,173,69,0.05,0.96635,157.334,64.7567
1578,11,130,73,39,0.05,0.988534,152.96,91.073
1579,15,58,139,27,0.05,0.750046,154.257,55.4945
1580,122,130,116,121,0.05,0.94325,15.474,11.9282
1581,103,117,98,40,0.05,0.743939,81.7742,30.9368
1582,24,162,75,166,0.05,0.804817,55.6196,30.4285
1583,79,98,107,121,0.05,0.962168,50.5985,29.3942
1584,138,23,155,127,0.05,0.894063,119.633,96.575
1585,106,114,104,105,0.05,0.693649,11.1252,7.22039
1586,81,46,4,143,0.05,0.998359,167.898,60.1748
1587,168,112,35,143,0.05,0.995675,163.557,56.6715
1588,97,104,132,150,0.05,0.908724,80.0056,45.8082
1589,132,112,21,89,0.05,0.997265,131.155,58.6799
1590,169,4,169,27,0.05,0.97967,22.1823,20.2947
1591,114,155,34,12,0.05,0.999048,219.304,101.005
1592,41,70,104,92,0.05,0.99987,84.244,71.1871
1593,172,109,131,53,0.05,0.355318,96.9602,27.3534
1594,154,143,125,58,0.05,0.727947,119.852,38.877
1595,102,139,126,94,0.05,0.976406,68.538,33.6892
1596,161,22,166,144,0.05,0.980195,127.74,100.88
1597,174,158,108,62,0.05,0.999228,161.699,72.624
1598,125,161,7,122,0.05,0.993628,156.978,59.7914
1599,151,60,126,47,0.05,0.699875,40.4246,17.1719
1600,148,145,134,120,0.05,0.995428,38.3525,34.3275
1601,109,125,39,177,0.05,0.509765,121.868,36.6994
1602,36,165,120,72,0.05,0.999998,175.204,104.73
1603,101,24,17,14,0.05,0.554568,96.2173,22.3009
1604,114,127,14,141,0.05,0.372756,113.893,26.7226
1605,24,136,0,9,0.05,0.94167,154.498,43.259
1606,150,40,133,20,0.05,0.499361,36.6004,11.4272
1607,123,145,118,66,0.05,0.970512,84.8271,61.2638
1608,131,165,8,150,0.05,0.960741,139.379,48.3268
1609,89,15,79,38,0.05,0.983675,32.9615,25.8408
1610,160,11,8,35,0.05,0.872796,176.918,72.0405
1611,122,140,101,159,0.05,0.762715,41.2548,10.7749
1612,91,19,81,55,0.05,0.943629,45.5711,36.2638
1613,173,4,6,71,0.05,0.999959,233.588,117.099
1614,13,37,64,34,0.05,0.990975,54.3784,41.674
1615,136,158,47,153,0.05,0.510679,94.0801,36.0429
1616,24,76,48,103,0.05,0.986875,50.6249,41.0766
1617,174,29,55,55,0.05,0.973095,145.219,68.9435
1618,143,136,0,31,0.05,0.999568,239.951,108.71
1619,91,168,46,136,0.05,0.979448,77.8794,40.9608
1620,74,12,73,85,0.05,0.996599,73.674,64.6911
1621,59,1,159,98,0.05,0.999979,192.525,118.326
1622,4,150,20,37,0.05,0.376349,128.829,40.8967
1623,29,125,176,20,0.05,1,239.185,106.096
1624,101,91,161,135,0.05,0.986951,102.981,40.9706
1625,116,139,162,83,0.05,0.99608,100.698,42.6176
1626,73,54,18,70,0.05,0.772349,71.4646,24.5339
1627,117,48,124,109,0.05,0.990997,67.9656,61.2677
1628,34,20,75,129,0.05,0.997295,149.465,117.567
1629,41,70,111,35,0.05,0.962607,104.912,50.1527
1630,133,74,139,166,0.05,0.906016,98.8968,58.0287
1631,139,52,114,16,0.05,0.739246,63.6331,16.8103
1632,55,135,101,58,0.05,0.996733,118.607,68.1593
1633,39,48,127,169,0.05,0.999997,203.607,100.962
1634,30,159,167,59,0.05,0.999999,227.631,128.55
1635,142,165,74,79,0.05,0.998835,152.527,105.409
1636,172,105,169,116,0.05,0.687121,15.1197,6.84745
1637,89,138,65,173,0.05,0.669151,64.0174,18.3626
1638,37,61,122,170,0.05,0.999502,190.172,99.2384
1639,134,94,57,44,0.05,0.992786,124.491,65.6824
1640,74,43,20,174,0.05,0.912203,183.25,59.9447
1641,163,140,153,1,0.05,0.413515,148.386,28.5782
1642,45,90,158,63,0.05,0.908147,134.938,69.3991
1643,65,19,177,70,0.05,0.997923,162.234,75.5117
1644,23,111,53,136,0.05,0.925849,56.9566,31.3092
1645,50,98,39,153,0.05,0.768732,68.5438,29.4697
1646,164,64,45,34,0.05,0.543895,148.569,45.6834
1647,102,22,141,110,0.05,0.996312,125.564,95.1866
1648,55,135,157,131,0.05,0.839163,107.419,47.5963
1649,168,132,14,101,0.05,0.999532,182.382,73.561
1650,144,2,62,82,0.05,0.997874,159.391,117.493
1651,28,86,44,116,0.05,0.728368,47.0548,22.4705
1652,26,76,164,132,0.05,0.999999,188.557,80.3474
1653,170,112,142,14,0.05,0.234901,125.541,28.5585
1654,25,179,132,36,0.05,0.984175,242.434,165.446
1655,25,122,112,29,0.05,0.999985,173.629,101.423
1656,34,23,81,61,0.05,0.998332,82.0927,78.591
1657,81,9,28,121,0.05,0.998047,162.091,79.2739
1658,153,107,94,89,0.05,0.817925,76.8068,52.3722
1659,127,43,11,109,0.05,0.999965,177.13,85.061
1660,134,54,1,26,0.05,0.869981,164.752,44.8239
1661,73,70,100,155,0.05,0.998383,111.582,61.053
1662,59,16,58,23,0.05,0.82517,8.17285,6.49756
1663,76,151,81,70,0.05,0.953807,85.5409,70.7029
1664,179,113,138,152,0.05,0.735038,79.3182,27.1894
1665,54,171,45,154,0.05,0.934012,27.3939,16.5171
1666,10,173,2,14,0.05,0.821804,170.752,51.4933
1667,129,155,106,71,0.05,0.93823,106.929,83.0742
1668,98,114,40,112,0.05,0.440211,59.8734,12.9225
1669,22,128,70,42,0.05,0.963498,134.208,98.8082
1670,100,27,98,149,0.05,0.974111,122.296,76.6362
1671,31,70,150,58,0.05,0.986895,128.619,63.2984
1672,22,79,1,80,0.05,0.409963,24.7471,5.50098
1673,27,134,89,96,0.05,0.996055,97.3094,80.8407
1674,154,5,170,164,0.05,0.935768,175.155,112.504
1675,60,87,29,166,0.05,0.913883,109.014,26.7672
1676,151,150,99,41,0.05,0.97965,157.742,100.331
1677,100,43,1,31,0.05,0.750248,116.3,25.3338
1678,179,61,138,171,0.05,0.881884,153.533,91.1241
1679,176,122,150,26,0.05,0.427842,121.825,33.6356
1680,107,138,93,102,0.05,0.986464,49.9271,40.0809
1681,176,7,104,126,0.05,0.980488,191.981,119.545
1682,167,9,125,141,0.05,0.980345,174.742,112.65
1683,59,156,104,109,0.05,0.986695,91.4568,65.2398
1684,5,58,127,144,0.05,0.999999,200.807,115.396
1685,13,136,85,141,0.05,0.991218,77.4078,50.4452
1686,114,111,65,88,0.05,0.967741,71.6496,42.4023
1687,55,59,46,132,0.05,0.944934,83.8582,48.7691
1688,83,88,110,43,0.05,0.912477,71.1908,30.4207
1689,143,134,64,63,0.05,0.999331,145.107,102.242
1690,142,31,48,30,0.05,0.496302,100.206,30.1467
1691,0,27,143,180,0.05,1,292.836,168.362
1692,30,34,150,99,0.05,0.999985,181.842,95.9665
1693,41,3,162,47,0.05,0.999838,165.307,95.4056
1694,142,75,3,29,0.05,0.98766,175.1,58.042
1695,0,31,35,159,0.05,0.776867,162.931,99.8985
1696,102,164,170,156,0.05,0.569576,76.2938,37.5775
1697,166,1,131,171,0.05,0.83762,203.399,146.091
1698,112,21,109,147,0.05,0.997406,129.018,101.283
1699,54,16,58,122,0.05,0.905776,110.853,71.6254
1700,39,128,116,163,0.05,0.901295,113.006,77.1137
1701,42,142,82,169,0.05,0.879969,69.1159,29.8487
1702,10,56,37,51,0.05,0.759945,33.8667,15.1312
1703,95,146,8,151,0.05,0.659846,97.3053,24.3935
1704,134,131,162,107,0.05,0.952197,53.0589,22.6549
1705,171,96,175,161,0.05,0.810447,68.9546,40.339
1706,115,60,85,40,0.05,0.430215,50.4769,19.4672
1707,54,118,150,42,0.05,0.997311,167.132,68.2258
1708,152,106,54,12,0.05,0.999959,186.628,88.3717
1709,141,149,23,141,0.05,0.746751,125.995,32.1878
1710,138,23,177,127,0.05,0.954516,142.131,104.128
1711,49,65,88,124,0.05,0.995458,95.099,60.2869
1712,90,83,143,167,0.05,0.98813,133.813,42.757
1713,70,153,28,77,0.05,0.913025,118.222,63.2794
1714,30,149,0,145,0.05,0.325576,34.3156,9.63547
1715,28,99,38,133,0.05,0.889356,44.0213,28.7631
1716,72,30,84,133,0.05,0.994155,113.079,76.2646
1717,26,179,18,56,0.05,0.513662,141.491,30.5448
1718,99,53,119,92,0.05,0.995263,58.668,46.6477
1719,68,55,113,55,0.05,0.984548,46.1738,40.6117
1720,63,173,149,143,0.05,0.998678,114.881,77.7808
1721,144,141,69,73,0.05,0.999995,141.608,90.4758
1722,112,14,1,102,0.05,0.999967,194.759,105.678
1723,6,118,175,146,0.05,0.994552,197.674,130.616
1724,80,153,60,172,0.05,0.302081,39.2655,9.82923
1725,5,93,69,160,0.05,0.935675,128.962,85.4253
1726,47,91,20,103,0.05,0.656995,40.016,11.8285
1727,166,73,140,153,0.05,0.859601,106.299,67.9609
1728,29,135,161,163,0.05,0.939608,158.36,80.8452
1729,118,3,143,115,0.05,0.994201,136.491,124.243
1730,173,170,168,99,0.05,0.982846,76.479,34.9504
1731,29,150,91,9,0.05,0.990881,199.025,98.1929
1732,100,104,124,103,0.05,0.807643,25.1596,16.9288
1733,10,103,165,90,0.05,0.970721,164.018,82.8059
1734,159,2,27,96,0.05,0.999249,221.962,150.505
1735,66,57,39,166,0.05,0.952667,132.258,50.0444
1736,165,87,92,170,0.05,0.971305,154.364,76.4955
1737,51,50,125,150,0.05,0.999917,170.257,97.3221
1738,152,59,25,37,0.05,0.573532,148.603,46.9795
1739,89,54,86,27,0.05,0.526444,30.8435,10.7077
1740,169,47,165,164,0.05,0.865365,122.242,82.1945
1741,85,163,58,97,0.05,0.959653,92.7393,62.6306
1742,41,104,179,117,0.05,0.861511,149.568,68.4289
1743,106,46,48,19,0.05,0.49593,90.2173,23.3872
1744,45,79,26,155,0.05,0.902946,95.7735,39.2672
1745,139,51,45,85,0.05,0.9914,125.683,74.1178
1746,102,170,104,94,0.05,0.994146,77.6438,69.0649
1747,157,46,113,5,0.05,0.54451,84.4391,21.2985
1748,127,148,28,91,0.05,0.997788,155.636,68.314
1749,176,120,21,62,0.05,1,210.16,136.672
1750,83,105,32,151,0.05,0.80805,99.5344,25.0429
1751,103,170,103,119,0.05,0.987407,49.778,47.803
1752,52,174,83,101,0.05,0.998625,103.871,92.7867
1753,31,117,149,107,0.05,0.981719,127.603,73.0369
1754,176,131,4,125,0.05,0.893415,177.85,79.8652
1755,53,46,111,155,0.05,0.998488,165.647,92.3307
1756,5,138,125,30,0.05,0.999999,217.967,112.294
1757,161,45,154,24,0.05,0.387655,28.3615,10.2311
1758,13,68,28,125,0.05,0.850629,74.8555,28.5651
1759,137,60,55,72,0.05,0.799817,93.8902,33.186
1760,72,100,127,113,0.05,0.990219,68.7533,49.416
1761,21,23,174,19,0.05,0.483993,166.583,44.9154
1762,114,9,46,51,0.05,0.998732,110.471,57.2739
1763,117,103,46,57,0.05,0.999795,114.217,48.394
1764,119,33,28,45,0.05,0.889586,104.245,36.8937
1765,175,1,66,12,0.05,0.908865,120.592,97.516
1766,4,42,101,53,0.05,0.997304,105.369,82.0041
1767,116,55,26,124,0.05,0.999326,154.656,66.5705
1768,2,41,49,54,0.05,0.999359,59.303,46.4993
1769,108,30,48,176,0.05,0.999372,201.47,78.4255
1770,124,179,11,0,0.05,0.998284,283.437,117.789
1771,7,85,144,139,0.05,0.999998,183.665,89.544
1772,93,62,135,152,0.05,0.939955,129.288,33.2132
1773,133,144,3,69,0.05,0.99947,201.521,84.8112
1774,87,140,117,178,0.05,0.314637,67.7547,20.8845
1775,84,48,9,87,0.05,0.965478,111.79,53.0963
1776,124,123,4,16,0.05,0.999934,220.94,85.7412
1777,88,123,35,30,0.05,0.965793,142.281,47.8329
1778,0,3,9,91,0.05,0.969645,98.7522,76.5215
1779,47,137,37,159,0.05,0.237192,32.0086,7.23767
1780,129,61,107,33,0.05,0.795103,51.7642,20.4567
1781,148,111,174,135,0.05,0.729502,50.202,21.0683
1782,132,115,77,107,0.05,0.850115,63.2123,41.0321
1783,160,43,14,93,0.05,0.999961,192.1,125.932
1784,71,131,14,40,0.05,0.899218,147.037,66.035
1785,175,116,2,26,0.05,1,261.855,147.548
1786,51,10,149,149,0.05,0.999999,230.528,111.26
1787,80,42,72,157,0.05,0.948742,120.783,55.8076
1788,110,143,46,61,0.05,0.996331,141.188,61.7679
1789,104,156,44,80,0.05,0.99836,135.558,88.0274
1790,127,146,113,176,0.05,0.57337,44.3276,14.1711
1791,38,126,77,83,0.05,0.997504,80.0925,73.9847
1792,174,164,90,157,0.05,0.999934,87.7745,74.2331
1793,173,22,114,74,0.05,0.999977,108.526,94.5928
1794,49,107,108,172,0.05,0.945087,123.058,59.5888
1795,116,29,71,39,0.05,0.970584,56.0365,38.1756
1796,60,77,119,11,0.05,0.992519,120.699,35.6445
1797,112,21,100,130,0.05,0.991902,119.997,91.6478
1798,47,1,158,143,0.05,1,246.23,127.441
1799,65,131,116,170,0.05,0.62316,89.9584,43.1143
1800,70,70,44,116,0.05,0.961859,71.0545,28.6368
1801,91,105,7,143,0.05,0.897569,122.029,36.2787
1802,164,18,144,159,0.05,0.807426,161.814,74.0964
1803,83,6,78,24,0.05,0.995357,24.0846,18.6844
1804,67,117,164,67,0.05,0.996558,143.575,53.3864
1805,97,96,137,94,0.05,0.45227,42.7554,8.61061
1806,109,130,32,121,0.05,0.639695,86.6623,34.1106
1807,6,58,10,158,0.05,0.790947,108.392,51.209
1808,23,144,91,134,0.05,0.982847,77.6849,61.0478
1809,103,38,74,83,0.05,0.979942,73.7511,53.3598
1810,162,41,48,164,0.05,0.999997,229.992,143.975
1811,162,133,109,104,0.05,0.998379,81.7064,65.4059
1812,30,173,35,20,0.05,0.70426,166.355,45.4044
1813,102,35,96,160,0.05,0.474831,129.729,44.1771
1814,80,72,127,46,0.05,0.87237,72.1063,14.8955
1815,173,57,81,37,0.05,0.511901,111.86,37.9524
1816,154,174,123,17,0.05,0.865919,191.335,68.7966
1817,142,121,149,13,0.05,0.770281,122.915,32.2287
1818,12,107,177,160,0.05,0.999966,214.509,148.937
1819,166,113,169,133,0.05,0.643811,23.6179,11.5346
1820,118,52,69,144,0.05,0.999552,134.856,69.1752
1821,146,81,171,76,0.05,0.234248,29.9937,6.88032
1822,113,166,178,130,0.05,0.989501,99.8493,53.3887
1823,81,31,64,135,0.05,0.987804,119.67,69.5002
1824,69,83,164,6,0.05,0.958273,169.229,39.0792
1825,126,125,27,91,0.05,0.993913,132.035,61.6014
1826,20,42,21,126,0.05,0.976107,86.2663,55.3188
1827,118,160,30,131,0.05,0.995185,117.509,57.097
1828,49,83,177,37,0.05,0.987423,169.962,55.1896
1829,85,28,106,99,0.05,0.999957,92.2123,66.4875
1830,82,145,66,15,0.05,0.533331,145.109,45.9826
1831,151,167,75,28,0.05,0.999606,212.07,120.69
1832,138,19,176,86,0.05,0.996725,106.737,76.4177
1833,10,114,110,52,0.05,0.999603,161.928,111.338
1834,19,166,67,127,0.05,0.999615,84.8466,75.6085
1835,127,68,167,148,0.05,0.972847,119.184,84.4888
1836,69,129,4,5,0.05,0.932914,187.35,72.296
1837,81,161,46,4,0.05,0.93887,188.297,83.8949
1838,106,37,7,166,0.05,0.999679,219.797,89.4954
1839,84,31,93,168,0.05,0.854292,150.084,79.0815
1840,32,129,63,6,0.05,0.599894,153.188,50.9819
1841,45,24,90,29,0.05,0.982699,50.5867,40.4921
1842,67,56,173,134,0.05,0.999688,180.755,74.0619
1843,147,14,66,124,0.05,1,183.14,126.246
1844,74,11,175,18,0.05,0.816389,111.13,33.1759
1845,29,100,129,20,0.05,0.981434,178.371,71.1881
1846,2,73,177,34,0.05,0.974635,215.406,95.0722
1847,119,147,35,68,0.05,0.993016,159.199,80.7224
1848,6,162,54,59,0.05,0.743346,156.415,58.786
1849,64,48,89,100,0.05,0.988465,77.6396,50.9014
1850,69,83,21,131,0.05,0.950772,95.3095,29.8712
1851,4,138,45,45,0.05,0.605799,133.705,50.0321
1852,104,62,134,27,0.05,0.701644,65.2999,17.3511
1853,2,35,172,3,0.05,0.876206,206.885,46.7695
1854,94,131,160,116,0.05,0.943299,79.6328,40.8039
1855,17,15,2,80,0.05,0.999852,80.5191,55.1526
1856,10,123,38,16,0.05,0.647787,139.098,48.0581
1857,87,40,76,114,0.05,0.956991,83.7032,55.7591
1858,119,173,38,24,0.05,0.999399,224.047,117.522
1859,174,29,46,150,0.05,1,243.076,148.462
1860,135,62,74,0,0.05,0.676311,121.518,38.1668
1861,50,51,107,72,0.05,0.996307,77.9106,61.6005
1862,66,64,84,89,0.05,0.9266,43.9769,24.3084
1863,122,175,14,29,0.05,0.995391,245.984,124.202
1864,165,59,141,118,0.05,0.968759,83.3514,67.4985
1865,13,82,26,14,0.05,0.473938,81.2911,29.2948
1866,117,48,55,131,0.05,0.999997,140.741,64.7323
1867,168,173,167,51,0.05,0.676042,123.299,36.5901
1868,148,62,180,56,0.05,0.234523,37.9571,8.61917
1869,7,174,52,158,0.05,0.99971,58.6797,56.4122
1870,13,123,123,34,0.05,1,187.265,104.68
1871,111,156,158,45,0.05,0.907776,160.438,56.6296
1872,10,27,160,100,0.05,1,222.464,130.554
1873,80,165,19,63,0.05,0.925523,159.453,83.0962
1874,98,2,91,101,0.05,0.999761,106.523,92.1771
1875,26,136,13,178,0.05,0.347905,54.843,12.9817
1876,114,96,110,94,0.05,0.836518,5.99913,4.81163
1877,158,29,141,76,0.05,0.993618,60.9278,57.8508
1878,15,4,171,75,0.05,0.999983,227.112,144.429
1879,90,132,33,79,0.05,0.824948,109.878,52.0035
1880,110,56,107,98,0.05,0.792886,45.3426,28.8922
1881,102,99,2,148,0.05,0.948204,147.481,48.4189
1882,15,36,7,83,0.05,0.867396,56.7285,28.2983
1883,9,97,45,140,0.05,0.994339,78.9623,68.1815
1884,70,5,147,29,0.05,0.999697,101.268,76.8736
1885,98,100,29,103,0.05,0.910581,72.8194,31.9998
1886,142,34,116,154,0.05,0.976929,146.823,93.1575
1887,160,86,162,154,0.05,0.955329,70.0343,47.6887
1888,124,128,4,4,0.05,0.999733,239.191,89.0057
1889,107,133,71,110,0.05,0.987336,59.4614,40.0238
1890,136,154,82,168,0.05,0.882905,69.0901,15.1253
1891,119,119,123,48,0.05,0.726318,79.2631,30.4061
1892,95,23,103,99,0.05,0.999087,84.2878,71.7267
1893,108,17,25,86,0.05,0.999911,149.554,93.231
1894,27,130,136,135,0.05,0.967669,112.888,90.5873
1895,170,72,106,150,0.05,0.98744,137.383,75.5357
1896,124,58,158,95,0.05,0.963008,71.5613,42.8067
1897,53,63,62,109,0.05,0.839921,55.2371,40.2611
1898,10,130,88,121,0.05,0.995889,85.848,64.9749
1899,121,124,178,0,0.05,0.611736,179.691,57.011
1900,75,3,5,166,0.05,0.947381,228.694,104.252
1901,179,97,154,71,0.05,0.604461,51.6138,19.9299
1902,174,120,4,170,0.05,0.977485,218.479,54.07
1903,173,167,123,143,0.05,0.99953,74.4245,58.2654
1904,51,80,168,5,0.05,0.849588,189.4,54.4283
1905,109,96,82,172,0.05,0.698748,102.134,23.9219
1906,31,177,42,6,0.05,0.292993,181.451,46.4109
1907,34,57,5,147,0.05,0.975553,120.222,68.8958
1908,124,177,30,121,0.05,0.999987,148.272,105.069
1909,42,45,38,91,0.05,0.990283,50.7523,44.133
1910,120,111,115,171,0.05,0.775839,64.8,33.1379
1911,136,94,29,106,0.05,0.992802,115.661,56.8857
1912,48,50,139,31,0.05,0.536598,110.728,25.3488
1913,129,135,78,77,0.05,0.940942,107.887,70.353
1914,30,106,42,92,0.05,0.942936,24.8838,22.3664
1915,21,119,16,17,0.05,0.500792,112.773,34.4094
1916,164,60,137,9,0.05,0.415981,84.7326,18.3737
1917,98,117,157,15,0.05,0.934285,159.682,44.5235
1918,95,78,4,50,0.05,0.655657,117.683,24.7843
1919,85,178,122,131,0.05,0.993147,84.381,51.7624
1920,154,113,31,19,0.05,0.999993,209.465,97.149
1921,166,98,161,51,0.05,0.311219,52.0516,15.2496
1922,113,127,136,131,0.05,0.870811,27.9605,18.176
1923,15,159,11,33,0.05,0.447183,130.121,46.1201
1924,24,60,132,20,0.05,0.484589,147.445,45.6764
1925,45,139,158,155,0.05,0.952729,128.572,81.0752
1926,151,164,55,176,0.05,0.556122,107.504,19.181
1927,40,51,54,50,0.05,0.997357,15.3366,13.1148
1928,2,64,43,2,0.05,0.655987,106.383,31.249
1929,145,116,18,2,0.05,0.999897,236.164,86.4368
1930,165,97,169,131,0.05,0.749039,39.4223,16.6525
1931,125,88,47,118,0.05,0.98209,106.018,58.0485
1932,124,122,50,162,0.05,0.867604,116.86,38.4202
1933,110,84,176,165,0.05,0.990668,145.079,55.4321
1934,56,94,11,162,0.05,0.505785,113.132,40.1396
1935,28,57,39,41,0.05,0.477336,26.7658,11.7125
1936,1,10,66,154,0.05,0.99434,209.396,151.265
1937,57,50,25,145,0.05,0.872683,128.512,46.8918
1938,128,108,93,29,0.05,0.948164,110.371,49.4553
1939,8,103,7,166,0.05,0.481137,67.6081,18.3294
1940,78,137,19,33,0.05,0.866043,159.93,61.2051
1941,34,157,115,93,0.05,0.999965,142.463,89.843
1942,111,24,131,149,0.05,0.913635,145.965,100.948
1943,104,14,143,89,0.05,0.993901,112.449,79.7369
1944,44,140,80,99,0.05,0.981815,74.5084,64.0552
1945,4,88,23,153,0.05,0.91953,84.6207,49.8785
1946,82,140,84,67,0.05,0.947399,75.7706,46.1657
1947,90,72,89,103,0.05,0.906964,32.3037,22.4793
1948,136,36,125,104,0.05,0.989393,77.5953,69.1352
1949,179,89,79,114,0.05,0.999701,123.082,105.794
1950,106,48,46,45,0.05,0.441707,63.3179,21.8693
1951,44,128,154,165,0.05,0.993326,146.215,107.818
1952,36,3,18,123,0.05,0.800035,138.872,78.3217
1953,149,137,87,39,0.05,0.990213,156.223,77.3072
1954,29,139,44,149,0.05,0.772159,25.311,13.7404
1955,146,141,131,118,0.05,0.999093,37.3974,32.7273
1956,57,31,58,154,0.05,0.492374,124.36,44.0391
1957,54,128,20,157,0.05,0.253944,62.8458,14.1807
1958,79,8,161,174,0.05,0.997891,243.988,134.547
1959,90,69,78,34,0.05,0.385096,47.0986,10.3119
1960,39,124,146,167,0.05,0.991935,148.824,99.9785
1961,25,64,75,13,0.05,0.804844,103.059,38.2456
1962,63,36,161,29,0.05,0.523345,115.076,30.5938
1963,114,40,150,20,0.05,0.417619,55.95,16.4263
1964,11,175,78,82,0.05,0.999859,157.027,140.513
1965,164,87,8,84,0.05,0.549248,161.021,42.7224
1966,145,132,93,173,0.05,0.842082,92.8358,29.262
1967,49,162,4,129,0.05,0.999725,78.342,42.6495
1968,141,84,50,137,0.05,0.98891,141.091,69.2504
1969,47,168,30,80,0.05,0.973485,106.067,59.1638
1970,31,95,106,37,0.05,0.997316,129.733,74.0523
1971,114,112,2,4,0.05,0.994342,214.07,48.0667
1972,12,136,20,104,0.05,0.971153,39.3794,32.9102
1973,143,7,30,19,0.05,0.881954,124.936,51.5241
1974,75,91,144,32,0.05,0.911159,122.385,36.6469
1975,6,51,105,111,0.05,1,157.84,130.073
1976,125,45,162,178,0.05,0.910612,168.168,104.025
1977,25,60,77,113,0.05,0.996424,104.094,79.7557
1978,6,97,88,86,0.05,0.996863,91.4465,76.9516
1979,138,101,52,85,0.05,0.998261,99.5833,48.0757
1980,54,115,61,147,0.05,0.572806,39.4747,15.788
1981,86,43,110,48,0.05,0.967827,29.6019,22.3356
1982,172,93,139,33,0.05,0.449693,92.6024,25.4332
1983,57,76,17,4,0.05,0.483505,123.872,26.1375
1984,101,111,22,76,0.05,0.962307,114.847,29.7449
1985,34,10,146,10,0.05,0.732268,117.122,51.6588
1986,30,102,171,161,0.05,0.999575,197.347,113.181
1987,16,84,12,101,0.05,0.71505,21.4463,11.7152
1988,160,120,14,80,0.05,0.999991,182.619,87.3388
1989,167,48,141,129,0.05,0.976108,106.589,69.8941
1990,40,163,74,137,0.05,0.971728,60.1773,50.8184
1991,52,147,11,36,0.05,0.838004,151.825,57.2476
1992,170,86,64,148,0.05,0.99998,164.617,96.0642
1993,83,86,141,176,0.05,0.989981,145.693,46.9147
1994,4,114,136,80,0.05,0.998178,166.91,93.0235
1995,102,14,101,6,0.05,0.458461,10.2391,2.33211
1996,66,65,15,166,0.05,0.720069,150.223,29.5509
1997,116,121,114,170,0.05,0.664171,53.7577,18.069
1998,67,114,106,63,0.05,0.982437,88.6091,46.501
1999,81,123,140,67,0.05,0.99869,113.062,51.8221
